stall_no,block,map_row,map_col,shop_code,shop_name,name_plain,kana,company,groups,groups_full,url,tel
1001,0101,12,1,4944,山治,山治,ヤマハル,(株)山治,特種物業会,特種物業会（活魚・貝類・高級鮮魚）,http://www.yama-haru.jp,03-6636-5180
1002,0101,12,1,4944,山治,山治,ヤマハル,(株)山治,特種物業会,特種物業会（活魚・貝類・高級鮮魚）,http://www.yama-haru.jp,03-6636-5180
1003,0101,12,1,4944,山治,山治,ヤマハル,(株)山治,特種物業会,特種物業会（活魚・貝類・高級鮮魚）,http://www.yama-haru.jp,03-6636-5180
1004,0101,12,1,4944,山治,山治,ヤマハル,(株)山治,特種物業会,特種物業会（活魚・貝類・高級鮮魚）,http://www.yama-haru.jp,03-6636-5180
1005,0101,12,1,4944,山治,山治,ヤマハル,(株)山治,特種物業会,特種物業会（活魚・貝類・高級鮮魚）,http://www.yama-haru.jp,03-6636-5180
1006,0101,12,1,4944,山治,山治,ヤマハル,(株)山治,特種物業会,特種物業会（活魚・貝類・高級鮮魚）,http://www.yama-haru.jp,03-6636-5180
1007,0101,12,1,4944,山治,山治,ヤマハル,(株)山治,特種物業会,特種物業会（活魚・貝類・高級鮮魚）,http://www.yama-haru.jp,03-6636-5180
1008,0101,12,1,4944,山治,山治,ヤマハル,(株)山治,特種物業会,特種物業会（活魚・貝類・高級鮮魚）,http://www.yama-haru.jp,03-6636-5180
1009,0101,12,1,4944,山治,山治,ヤマハル,(株)山治,特種物業会,特種物業会（活魚・貝類・高級鮮魚）,http://www.yama-haru.jp,03-6636-5180
1010,0101,12,1,4944,山治,山治,ヤマハル,(株)山治,特種物業会,特種物業会（活魚・貝類・高級鮮魚）,http://www.yama-haru.jp,03-6636-5180
1011,0101,12,1,4944,山治,山治,ヤマハル,(株)山治,特種物業会,特種物業会（活魚・貝類・高級鮮魚）,http://www.yama-haru.jp,03-6636-5180
1012,0101,12,1,4944,山治,山治,ヤマハル,(株)山治,特種物業会,特種物業会（活魚・貝類・高級鮮魚）,http://www.yama-haru.jp,03-6636-5180
1013,0101,12,1,4944,山治,山治,ヤマハル,(株)山治,特種物業会,特種物業会（活魚・貝類・高級鮮魚）,http://www.yama-haru.jp,03-6636-5180
1014,0101,12,1,4944,山治,山治,ヤマハル,(株)山治,特種物業会,特種物業会（活魚・貝類・高級鮮魚）,http://www.yama-haru.jp,03-6636-5180
1015,0102,12,2,3021,佃熊,佃熊,ツククマ,(株)佃熊,海老協会 / 大物業会,海老協会（活・生鮮・冷凍エビ） / 大物業会（マグロ・カジキ類）,,03-6633-4000
1016,0102,12,2,3021,佃熊,佃熊,ツククマ,(株)佃熊,海老協会 / 大物業会,海老協会（活・生鮮・冷凍エビ） / 大物業会（マグロ・カジキ類）,,03-6633-4000
1017,0102,12,2,3021,佃熊,佃熊,ツククマ,(株)佃熊,海老協会 / 大物業会,海老協会（活・生鮮・冷凍エビ） / 大物業会（マグロ・カジキ類）,,03-6633-4000
1018,0102,12,2,3021,佃熊,佃熊,ツククマ,(株)佃熊,海老協会 / 大物業会,海老協会（活・生鮮・冷凍エビ） / 大物業会（マグロ・カジキ類）,,03-6633-4000
1019,0102,12,2,3021,佃熊,佃熊,ツククマ,(株)佃熊,海老協会 / 大物業会,海老協会（活・生鮮・冷凍エビ） / 大物業会（マグロ・カジキ類）,,03-6633-4000
1020,0102,12,2,3021,佃熊,佃熊,ツククマ,(株)佃熊,海老協会 / 大物業会,海老協会（活・生鮮・冷凍エビ） / 大物業会（マグロ・カジキ類）,,03-6633-4000
1021,0102,12,2,2838,高富,宮下商事,タカトミ,(有)宮下商事,特種物業会,特種物業会（活魚・貝類・高級鮮魚）,,03-6633-4848
1022,0102,12,2,2838,高富,宮下商事,タカトミ,(有)宮下商事,特種物業会,特種物業会（活魚・貝類・高級鮮魚）,,03-6633-4848
1023,0102,12,2,1562,小栗,小栗水産,オグリ,(株)小栗水産,特種物業会,特種物業会（活魚・貝類・高級鮮魚）,,03-6633-5482
1024,0102,12,2,1562,小栗,小栗水産,オグリ,(株)小栗水産,特種物業会,特種物業会（活魚・貝類・高級鮮魚）,,03-6633-5482
1025,0102,12,2,4425,丸時,丸時,マルトキ,(株)丸時,合物業会 / 塩干魚業会,合物業会（干物・魚漬け・加工品） / 塩干魚業会（シラス・乾物・珍味）,,03-6633-5095
1026,0102,12,2,4425,丸時,丸時,マルトキ,(株)丸時,合物業会 / 塩干魚業会,合物業会（干物・魚漬け・加工品） / 塩干魚業会（シラス・乾物・珍味）,,03-6633-5095
1027,0102,12,2,4425,丸時,丸時,マルトキ,(株)丸時,合物業会 / 塩干魚業会,合物業会（干物・魚漬け・加工品） / 塩干魚業会（シラス・乾物・珍味）,,03-6633-5095
1028,0102,12,2,4425,丸時,丸時,マルトキ,(株)丸時,合物業会 / 塩干魚業会,合物業会（干物・魚漬け・加工品） / 塩干魚業会（シラス・乾物・珍味）,,03-6633-5095
1029,0102,12,2,4425,丸時,丸時,マルトキ,(株)丸時,合物業会 / 塩干魚業会,合物業会（干物・魚漬け・加工品） / 塩干魚業会（シラス・乾物・珍味）,,03-6633-5095
1030,0102,12,2,4425,丸時,丸時,マルトキ,(株)丸時,合物業会 / 塩干魚業会,合物業会（干物・魚漬け・加工品） / 塩干魚業会（シラス・乾物・珍味）,,03-6633-5095
1031,0103,12,3,1694,かね義高陽,高陽,カネヨシコウヨウ,(株)高陽,鮮魚業会 / 大物業会,鮮魚業会（鮮魚全般） / 大物業会（マグロ・カジキ類）,,03-6633-4225
1032,0103,12,3,1694,かね義高陽,高陽,カネヨシコウヨウ,(株)高陽,鮮魚業会 / 大物業会,鮮魚業会（鮮魚全般） / 大物業会（マグロ・カジキ類）,,03-6633-4225
1033,0103,12,3,1694,かね義高陽,高陽,カネヨシコウヨウ,(株)高陽,鮮魚業会 / 大物業会,鮮魚業会（鮮魚全般） / 大物業会（マグロ・カジキ類）,,03-6633-4225
1034,0103,12,3,1694,かね義高陽,高陽,カネヨシコウヨウ,(株)高陽,鮮魚業会 / 大物業会,鮮魚業会（鮮魚全般） / 大物業会（マグロ・カジキ類）,,03-6633-4225
1035,0103,12,3,1694,かね義高陽,高陽,カネヨシコウヨウ,(株)高陽,鮮魚業会 / 大物業会,鮮魚業会（鮮魚全般） / 大物業会（マグロ・カジキ類）,,03-6633-4225
1036,0103,12,3,1694,かね義高陽,高陽,カネヨシコウヨウ,(株)高陽,鮮魚業会 / 大物業会,鮮魚業会（鮮魚全般） / 大物業会（マグロ・カジキ類）,,03-6633-4225
1037,0103,12,3,1694,かね義高陽,高陽,カネヨシコウヨウ,(株)高陽,鮮魚業会 / 大物業会,鮮魚業会（鮮魚全般） / 大物業会（マグロ・カジキ類）,,03-6633-4225
1038,0103,12,3,1848,金印,金印,キンジルシ,(株)金印,大物業会,大物業会（マグロ・カジキ類）,,03-6633-5022
1039,0103,12,3,4915,柳下,柳下,ヤギシタ,(有)柳下,煉・加工品業会,煉・加工品業会（煉製品・おでん・惣菜）,,03-6633-5531
1040,0103,12,3,4915,柳下,柳下,ヤギシタ,(有)柳下,煉・加工品業会,煉・加工品業会（煉製品・おでん・惣菜）,,03-6633-5531
1041,0103,12,3,4424,マルツ尾清,マルツ尾清,マルツオセイ,(株)マルツ尾清,特種物業会,特種物業会（活魚・貝類・高級鮮魚）,http://www.marutsuosei.co.jp/,03-6633-5892、03-6633-5893、03-6633-5894、03-6633-5895
1042,0103,12,3,4424,マルツ尾清,マルツ尾清,マルツオセイ,(株)マルツ尾清,特種物業会,特種物業会（活魚・貝類・高級鮮魚）,http://www.marutsuosei.co.jp/,03-6633-5892、03-6633-5893、03-6633-5894、03-6633-5895
1043,0103,12,3,4424,マルツ尾清,マルツ尾清,マルツオセイ,(株)マルツ尾清,特種物業会,特種物業会（活魚・貝類・高級鮮魚）,http://www.marutsuosei.co.jp/,03-6633-5892、03-6633-5893、03-6633-5894、03-6633-5895
1044,0103,12,3,4424,マルツ尾清,マルツ尾清,マルツオセイ,(株)マルツ尾清,特種物業会,特種物業会（活魚・貝類・高級鮮魚）,http://www.marutsuosei.co.jp/,03-6633-5892、03-6633-5893、03-6633-5894、03-6633-5895
1045,0103,12,3,4424,マルツ尾清,マルツ尾清,マルツオセイ,(株)マルツ尾清,特種物業会,特種物業会（活魚・貝類・高級鮮魚）,http://www.marutsuosei.co.jp/,03-6633-5892、03-6633-5893、03-6633-5894、03-6633-5895
1046,0103,12,3,4424,マルツ尾清,マルツ尾清,マルツオセイ,(株)マルツ尾清,特種物業会,特種物業会（活魚・貝類・高級鮮魚）,http://www.marutsuosei.co.jp/,03-6633-5892、03-6633-5893、03-6633-5894、03-6633-5895
1047,0104,12,4,3023,佃吉,佃吉水産,ツクキチ,佃吉水産(株),大物業会,大物業会（マグロ・カジキ類）,,03-6633-5957
1048,0104,12,4,3023,佃吉,佃吉水産,ツクキチ,佃吉水産(株),大物業会,大物業会（マグロ・カジキ類）,,03-6633-5957
1049,0104,12,4,3023,佃吉,佃吉水産,ツクキチ,佃吉水産(株),大物業会,大物業会（マグロ・カジキ類）,,03-6633-5957
1050,0104,12,4,3023,佃吉,佃吉水産,ツクキチ,佃吉水産(株),大物業会,大物業会（マグロ・カジキ類）,,03-6633-5957
1051,0104,12,4,3023,佃吉,佃吉水産,ツクキチ,佃吉水産(株),大物業会,大物業会（マグロ・カジキ類）,,03-6633-5957
1052,0104,12,4,3023,佃吉,佃吉水産,ツクキチ,佃吉水産(株),大物業会,大物業会（マグロ・カジキ類）,,03-6633-5957
1053,0104,12,4,3083,司雷電,司雷電,ツカサライデン,(有)司雷電,特種物業会,特種物業会（活魚・貝類・高級鮮魚）,,03-5547-0120
1054,0104,12,4,3083,司雷電,司雷電,ツカサライデン,(有)司雷電,特種物業会,特種物業会（活魚・貝類・高級鮮魚）,,03-5547-0120
1055,0104,12,4,3430,西秀,西秀商店,ニシヒデ,(株)西秀商店,合物業会,合物業会（干物・魚漬け・加工品）,,03-6633-5620
1056,0104,12,4,3430,西秀,西秀商店,ニシヒデ,(株)西秀商店,合物業会,合物業会（干物・魚漬け・加工品）,,03-6633-5620
1057,0104,12,4,2444,鈴角米勝,スズヨネ水産,スズカクコメカツ,(有)スズヨネ水産,鮮魚業会,鮮魚業会（鮮魚全般）,,03-6633-5998
1058,0104,12,4,2444,鈴角米勝,スズヨネ水産,スズカクコメカツ,(有)スズヨネ水産,鮮魚業会,鮮魚業会（鮮魚全般）,,03-6633-5998
1059,0104,12,4,2152,米彦,米彦,コメヒコ,(株)米彦,大物業会,大物業会（マグロ・カジキ類）,http://www.daihiro-komehiko.com,03-6633-5345、03-6633-5347、03-6633-5548
1060,0104,12,4,2152,米彦,米彦,コメヒコ,(株)米彦,大物業会,大物業会（マグロ・カジキ類）,http://www.daihiro-komehiko.com,03-6633-5345、03-6633-5347、03-6633-5548
1061,0104,12,4,2152,米彦,米彦,コメヒコ,(株)米彦,大物業会,大物業会（マグロ・カジキ類）,http://www.daihiro-komehiko.com,03-6633-5345、03-6633-5347、03-6633-5548
1062,0104,12,4,2152,米彦,米彦,コメヒコ,(株)米彦,大物業会,大物業会（マグロ・カジキ類）,http://www.daihiro-komehiko.com,03-6633-5345、03-6633-5347、03-6633-5548
1063,0105,12,5,2518,扇安,扇安,センヤス,(株)扇安,特種物業会,特種物業会（活魚・貝類・高級鮮魚）,https://www.senyasu.info/,03-6633-5578
1064,0105,12,5,2518,扇安,扇安,センヤス,(株)扇安,特種物業会,特種物業会（活魚・貝類・高級鮮魚）,https://www.senyasu.info/,03-6633-5578
1065,0105,12,5,3018,佃伊之,佃伊之,ツクイノ,(株)佃伊之,特種物業会,特種物業会（活魚・貝類・高級鮮魚）,http://www.tsukuino.com,03-6633-5007
1066,0105,12,5,3018,佃伊之,佃伊之,ツクイノ,(株)佃伊之,特種物業会,特種物業会（活魚・貝類・高級鮮魚）,http://www.tsukuino.com,03-6633-5007
1067,0105,12,5,3018,佃伊之,佃伊之,ツクイノ,(株)佃伊之,特種物業会,特種物業会（活魚・貝類・高級鮮魚）,http://www.tsukuino.com,03-6633-5007
1068,0105,12,5,3018,佃伊之,佃伊之,ツクイノ,(株)佃伊之,特種物業会,特種物業会（活魚・貝類・高級鮮魚）,http://www.tsukuino.com,03-6633-5007
1069,0105,12,5,3829,林田水産,林田水産,ハヤシダスイサン,(有)林田水産,鮮魚業会 / 特種物業会,鮮魚業会（鮮魚全般） / 特種物業会（活魚・貝類・高級鮮魚）,,03-6633-4660
1070,0105,12,5,3829,林田水産,林田水産,ハヤシダスイサン,(有)林田水産,鮮魚業会 / 特種物業会,鮮魚業会（鮮魚全般） / 特種物業会（活魚・貝類・高級鮮魚）,,03-6633-4660
1071,0105,12,5,3829,林田水産,林田水産,ハヤシダスイサン,(有)林田水産,鮮魚業会 / 特種物業会,鮮魚業会（鮮魚全般） / 特種物業会（活魚・貝類・高級鮮魚）,,03-6633-4660
1072,0105,12,5,3829,林田水産,林田水産,ハヤシダスイサン,(有)林田水産,鮮魚業会 / 特種物業会,鮮魚業会（鮮魚全般） / 特種物業会（活魚・貝類・高級鮮魚）,,03-6633-4660
1073,0105,12,5,1178,泉久,泉久食品,イズキュウ,泉久食品(株),鮮魚業会 / 大物業会,鮮魚業会（鮮魚全般） / 大物業会（マグロ・カジキ類）,http://www.iz9.jp/,03-6633-0091、03-6633-0910
1074,0105,12,5,1178,泉久,泉久食品,イズキュウ,泉久食品(株),鮮魚業会 / 大物業会,鮮魚業会（鮮魚全般） / 大物業会（マグロ・カジキ類）,http://www.iz9.jp/,03-6633-0091、03-6633-0910
1075,0105,12,5,1178,泉久,泉久食品,イズキュウ,泉久食品(株),鮮魚業会 / 大物業会,鮮魚業会（鮮魚全般） / 大物業会（マグロ・カジキ類）,http://www.iz9.jp/,03-6633-0091、03-6633-0910
1076,0105,12,5,1178,泉久,泉久食品,イズキュウ,泉久食品(株),鮮魚業会 / 大物業会,鮮魚業会（鮮魚全般） / 大物業会（マグロ・カジキ類）,http://www.iz9.jp/,03-6633-0091、03-6633-0910
1077,0105,12,5,1178,泉久,泉久食品,イズキュウ,泉久食品(株),鮮魚業会 / 大物業会,鮮魚業会（鮮魚全般） / 大物業会（マグロ・カジキ類）,http://www.iz9.jp/,03-6633-0091、03-6633-0910
1078,0105,12,5,1178,泉久,泉久食品,イズキュウ,泉久食品(株),鮮魚業会 / 大物業会,鮮魚業会（鮮魚全般） / 大物業会（マグロ・カジキ類）,http://www.iz9.jp/,03-6633-0091、03-6633-0910
1079,0106,12,6,1230,入元仲田,入元仲田,イリゲンナカタ,(株)入元仲田,大物業会,大物業会（マグロ・カジキ類）,,03-6633-5005
1080,0106,12,6,1230,入元仲田,入元仲田,イリゲンナカタ,(株)入元仲田,大物業会,大物業会（マグロ・カジキ類）,,03-6633-5005
1081,0106,12,6,1230,入元仲田,入元仲田,イリゲンナカタ,(株)入元仲田,大物業会,大物業会（マグロ・カジキ類）,,03-6633-5005
1082,0106,12,6,1575,岡善,岡善,オカゼン,(有)岡善,特種物業会,特種物業会（活魚・貝類・高級鮮魚）,,03-6633-5510
1083,0106,12,6,1610,海源,海源,カイゲン,(有)海源,淡水魚組合,淡水魚組合（ウナギ・ドジョウ・鯉）,,03-6633-5442
1084,0106,12,6,2748,大政支店,小槻,ダイマサシテン,(有)小槻,無所属,無所属,http://www.tsukiji-tako.jp,03-6633-5123
1085,0106,12,6,2439,鈴与,魚河岸野郎,スズヨ,(株)魚河岸野郎,大物業会,大物業会（マグロ・カジキ類）,,03-6633-4578
1086,0106,12,6,2439,鈴与,魚河岸野郎,スズヨ,(株)魚河岸野郎,大物業会,大物業会（マグロ・カジキ類）,,03-6633-4578
1087,0106,12,6,2762,大芳,大芳,ダイヨシ,(株)大芳,特種物業会,特種物業会（活魚・貝類・高級鮮魚）,http://www.e-daiyoshi.com/,03-6633-5060
1088,0106,12,6,2762,大芳,大芳,ダイヨシ,(株)大芳,特種物業会,特種物業会（活魚・貝類・高級鮮魚）,http://www.e-daiyoshi.com/,03-6633-5060
1089,0106,12,6,2762,大芳,大芳,ダイヨシ,(株)大芳,特種物業会,特種物業会（活魚・貝類・高級鮮魚）,http://www.e-daiyoshi.com/,03-6633-5060
1090,0106,12,6,2762,大芳,大芳,ダイヨシ,(株)大芳,特種物業会,特種物業会（活魚・貝類・高級鮮魚）,http://www.e-daiyoshi.com/,03-6633-5060
1091,0106,12,6,2762,大芳,大芳,ダイヨシ,(株)大芳,特種物業会,特種物業会（活魚・貝類・高級鮮魚）,http://www.e-daiyoshi.com/,03-6633-5060
1092,0106,12,6,2762,大芳,大芳,ダイヨシ,(株)大芳,特種物業会,特種物業会（活魚・貝類・高級鮮魚）,http://www.e-daiyoshi.com/,03-6633-5060
1093,0106,12,6,2762,大芳,大芳,ダイヨシ,(株)大芳,特種物業会,特種物業会（活魚・貝類・高級鮮魚）,http://www.e-daiyoshi.com/,03-6633-5060
1094,0106,12,6,2762,大芳,大芳,ダイヨシ,(株)大芳,特種物業会,特種物業会（活魚・貝類・高級鮮魚）,http://www.e-daiyoshi.com/,03-6633-5060
1095,0107,12,7,4038,伏万支店,,フシマンシテン,,無所属,無所属,,070-5582-4660
1096,0107,12,7,1915,熊川,熊川商店,クマカワ,(有)熊川商店,大物業会,大物業会（マグロ・カジキ類）,,03-6633-4783
1097,0107,12,7,1915,熊川,熊川商店,クマカワ,(有)熊川商店,大物業会,大物業会（マグロ・カジキ類）,,03-6633-4783
1098,0107,12,7,1915,熊川,熊川商店,クマカワ,(有)熊川商店,大物業会,大物業会（マグロ・カジキ類）,,03-6633-4783
1099,0107,12,7,2315,芝専,芝専,シバセン,(有)芝専,鮮魚業会 / 特種物業会,鮮魚業会（鮮魚全般） / 特種物業会（活魚・貝類・高級鮮魚）,,03-6633-5778
1100,0107,12,7,2315,芝専,芝専,シバセン,(有)芝専,鮮魚業会 / 特種物業会,鮮魚業会（鮮魚全般） / 特種物業会（活魚・貝類・高級鮮魚）,,03-6633-5778
1101,0107,12,7,2315,芝専,芝専,シバセン,(有)芝専,鮮魚業会 / 特種物業会,鮮魚業会（鮮魚全般） / 特種物業会（活魚・貝類・高級鮮魚）,,03-6633-5778
1102,0107,12,7,2315,芝専,芝専,シバセン,(有)芝専,鮮魚業会 / 特種物業会,鮮魚業会（鮮魚全般） / 特種物業会（活魚・貝類・高級鮮魚）,,03-6633-5778
1103,0107,12,7,4969,山和,山和,ヤマワ,(株)山和,大物業会,大物業会（マグロ・カジキ類）,http://www.yamawa-maguro.co.jp,03-6633-4173
1104,0107,12,7,4969,山和,山和,ヤマワ,(株)山和,大物業会,大物業会（マグロ・カジキ類）,http://www.yamawa-maguro.co.jp,03-6633-4173
1105,0107,12,7,4969,山和,山和,ヤマワ,(株)山和,大物業会,大物業会（マグロ・カジキ類）,http://www.yamawa-maguro.co.jp,03-6633-4173
1106,0107,12,7,4969,山和,山和,ヤマワ,(株)山和,大物業会,大物業会（マグロ・カジキ類）,http://www.yamawa-maguro.co.jp,03-6633-4173
1107,0107,12,7,4969,山和,山和,ヤマワ,(株)山和,大物業会,大物業会（マグロ・カジキ類）,http://www.yamawa-maguro.co.jp,03-6633-4173
1108,0107,12,7,4969,山和,山和,ヤマワ,(株)山和,大物業会,大物業会（マグロ・カジキ類）,http://www.yamawa-maguro.co.jp,03-6633-4173
1109,0107,12,7,2247,堺浜,なり市堺浜,サカハマ,(株)なり市堺浜,大物業会,大物業会（マグロ・カジキ類）,http://www.nariichi-sakahama.co.jp/,03-5548-7171
1110,0107,12,7,2247,堺浜,なり市堺浜,サカハマ,(株)なり市堺浜,大物業会,大物業会（マグロ・カジキ類）,http://www.nariichi-sakahama.co.jp/,03-5548-7171
1111,0108,12,8,1571,音幸,築地音幸,オトコウ,(株)築地音幸,鮮魚業会,鮮魚業会（鮮魚全般）,,03-6636-5411
1112,0108,12,8,1571,音幸,築地音幸,オトコウ,(株)築地音幸,鮮魚業会,鮮魚業会（鮮魚全般）,,03-6636-5411
1113,0108,12,8,1571,音幸,築地音幸,オトコウ,(株)築地音幸,鮮魚業会,鮮魚業会（鮮魚全般）,,03-6636-5411
1114,0108,12,8,1571,音幸,築地音幸,オトコウ,(株)築地音幸,鮮魚業会,鮮魚業会（鮮魚全般）,,03-6636-5411
1115,0108,12,8,4994,山雄,山雄商事,ヤマユウ,(株)山雄商事,大物業会,大物業会（マグロ・カジキ類）,,03-6633-5541
1116,0108,12,8,4994,山雄,山雄商事,ヤマユウ,(株)山雄商事,大物業会,大物業会（マグロ・カジキ類）,,03-6633-5541
1117,0108,12,8,4366,丸十,丸十,マルジュウ,(株)丸十,無所属,無所属,,03-6633-0010
1118,0108,12,8,4366,丸十,丸十,マルジュウ,(株)丸十,無所属,無所属,,03-6633-0010
1119,0108,12,8,4544,宮彦,宮彦,ミヤヒコ,(有)宮彦,特種物業会,特種物業会（活魚・貝類・高級鮮魚）,,03-6633-5507
1120,0108,12,8,4544,宮彦,宮彦,ミヤヒコ,(有)宮彦,特種物業会,特種物業会（活魚・貝類・高級鮮魚）,,03-6633-5507
1121,0108,12,8,4544,宮彦,宮彦,ミヤヒコ,(有)宮彦,特種物業会,特種物業会（活魚・貝類・高級鮮魚）,,03-6633-5507
1122,0108,12,8,4544,宮彦,宮彦,ミヤヒコ,(有)宮彦,特種物業会,特種物業会（活魚・貝類・高級鮮魚）,,03-6633-5507
1123,0108,12,8,1638,カネキン宇田川,宇田川,カネキンウダガワ,(有)宇田川,特種物業会,特種物業会（活魚・貝類・高級鮮魚）,,03-6633-5280
1124,0108,12,8,1638,カネキン宇田川,宇田川,カネキンウダガワ,(有)宇田川,特種物業会,特種物業会（活魚・貝類・高級鮮魚）,,03-6633-5280
1125,0108,12,8,1638,カネキン宇田川,宇田川,カネキンウダガワ,(有)宇田川,特種物業会,特種物業会（活魚・貝類・高級鮮魚）,,03-6633-5280
1126,0108,12,8,1638,カネキン宇田川,宇田川,カネキンウダガワ,(有)宇田川,特種物業会,特種物業会（活魚・貝類・高級鮮魚）,,03-6633-5280
1127,0109,12,9,4047,不二勝,不二勝,フジカツ,(株)不二勝,無所属,無所属,,03-6633-7931
1128,0109,12,9,4047,不二勝,不二勝,フジカツ,(株)不二勝,無所属,無所属,,03-6633-7931
1129,0109,12,9,1699,海宝,海宝,カイホウ,(株)海宝,特種物業会,特種物業会（活魚・貝類・高級鮮魚）,,03-6636-4170
1130,0109,12,9,1699,海宝,海宝,カイホウ,(株)海宝,特種物業会,特種物業会（活魚・貝類・高級鮮魚）,,03-6636-4170
1131,0109,12,9,1062,アツミ水産,アツミ水産,アツミスイサン,(株)アツミ水産,大物業会,大物業会（マグロ・カジキ類）,http://cosmo-atsumi.jp/,03-6633-5959
1132,0109,12,9,1062,アツミ水産,アツミ水産,アツミスイサン,(株)アツミ水産,大物業会,大物業会（マグロ・カジキ類）,http://cosmo-atsumi.jp/,03-6633-5959
1133,0109,12,9,1062,アツミ水産,アツミ水産,アツミスイサン,(株)アツミ水産,大物業会,大物業会（マグロ・カジキ類）,http://cosmo-atsumi.jp/,03-6633-5959
1134,0109,12,9,3077,築地市川,築地市川水産,ツキジイチカワ,築地市川水産(株),北洋物業会 / 塩干魚業会,北洋物業会（鮭鱒・魚卵・冷凍品） / 塩干魚業会（シラス・乾物・珍味）,,03-6633-5545
1135,0109,12,9,3077,築地市川,築地市川水産,ツキジイチカワ,築地市川水産(株),北洋物業会 / 塩干魚業会,北洋物業会（鮭鱒・魚卵・冷凍品） / 塩干魚業会（シラス・乾物・珍味）,,03-6633-5545
1136,0109,12,9,3077,築地市川,築地市川水産,ツキジイチカワ,築地市川水産(株),北洋物業会 / 塩干魚業会,北洋物業会（鮭鱒・魚卵・冷凍品） / 塩干魚業会（シラス・乾物・珍味）,,03-6633-5545
1137,0109,12,9,3077,築地市川,築地市川水産,ツキジイチカワ,築地市川水産(株),北洋物業会 / 塩干魚業会,北洋物業会（鮭鱒・魚卵・冷凍品） / 塩干魚業会（シラス・乾物・珍味）,,03-6633-5545
1138,0109,12,9,3077,築地市川,築地市川水産,ツキジイチカワ,築地市川水産(株),北洋物業会 / 塩干魚業会,北洋物業会（鮭鱒・魚卵・冷凍品） / 塩干魚業会（シラス・乾物・珍味）,,03-6633-5545
1139,0109,12,9,3077,築地市川,築地市川水産,ツキジイチカワ,築地市川水産(株),北洋物業会 / 塩干魚業会,北洋物業会（鮭鱒・魚卵・冷凍品） / 塩干魚業会（シラス・乾物・珍味）,,03-6633-5545
1140,0109,12,9,3077,築地市川,築地市川水産,ツキジイチカワ,築地市川水産(株),北洋物業会 / 塩干魚業会,北洋物業会（鮭鱒・魚卵・冷凍品） / 塩干魚業会（シラス・乾物・珍味）,,03-6633-5545
1141,0109,12,9,3077,築地市川,築地市川水産,ツキジイチカワ,築地市川水産(株),北洋物業会 / 塩干魚業会,北洋物業会（鮭鱒・魚卵・冷凍品） / 塩干魚業会（シラス・乾物・珍味）,,03-6633-5545
1142,0109,12,9,3077,築地市川,築地市川水産,ツキジイチカワ,築地市川水産(株),北洋物業会 / 塩干魚業会,北洋物業会（鮭鱒・魚卵・冷凍品） / 塩干魚業会（シラス・乾物・珍味）,,03-6633-5545
1143,0109,12,9,3077,築地市川,築地市川水産,ツキジイチカワ,築地市川水産(株),北洋物業会 / 塩干魚業会,北洋物業会（鮭鱒・魚卵・冷凍品） / 塩干魚業会（シラス・乾物・珍味）,,03-6633-5545
1144,0109,12,9,3077,築地市川,築地市川水産,ツキジイチカワ,築地市川水産(株),北洋物業会 / 塩干魚業会,北洋物業会（鮭鱒・魚卵・冷凍品） / 塩干魚業会（シラス・乾物・珍味）,,03-6633-5545
1145,0109,12,9,3077,築地市川,築地市川水産,ツキジイチカワ,築地市川水産(株),北洋物業会 / 塩干魚業会,北洋物業会（鮭鱒・魚卵・冷凍品） / 塩干魚業会（シラス・乾物・珍味）,,03-6633-5545
1146,0109,12,9,3077,築地市川,築地市川水産,ツキジイチカワ,築地市川水産(株),北洋物業会 / 塩干魚業会,北洋物業会（鮭鱒・魚卵・冷凍品） / 塩干魚業会（シラス・乾物・珍味）,,03-6633-5545
2001,0201,11,1,3076,釣十,釣十,ツルジュウ,(株)釣十,無所属,無所属,https://www.m-mart.co.jp/sup/top.php?id=tsuru10,03-6633-5927
2002,0201,11,1,3076,釣十,釣十,ツルジュウ,(株)釣十,無所属,無所属,https://www.m-mart.co.jp/sup/top.php?id=tsuru10,03-6633-5927
2003,0201,11,1,3076,釣十,釣十,ツルジュウ,(株)釣十,無所属,無所属,https://www.m-mart.co.jp/sup/top.php?id=tsuru10,03-6633-5927
2004,0201,11,1,3076,釣十,釣十,ツルジュウ,(株)釣十,無所属,無所属,https://www.m-mart.co.jp/sup/top.php?id=tsuru10,03-6633-5927
2005,0201,11,1,4944,山治,山治,ヤマハル,(株)山治,特種物業会,特種物業会（活魚・貝類・高級鮮魚）,http://www.yama-haru.jp,03-6636-5180
2006,0201,11,1,4944,山治,山治,ヤマハル,(株)山治,特種物業会,特種物業会（活魚・貝類・高級鮮魚）,http://www.yama-haru.jp,03-6636-5180
2007,0201,11,1,4944,山治,山治,ヤマハル,(株)山治,特種物業会,特種物業会（活魚・貝類・高級鮮魚）,http://www.yama-haru.jp,03-6636-5180
2008,0201,11,1,4944,山治,山治,ヤマハル,(株)山治,特種物業会,特種物業会（活魚・貝類・高級鮮魚）,http://www.yama-haru.jp,03-6636-5180
2009,0201,11,1,4944,山治,山治,ヤマハル,(株)山治,特種物業会,特種物業会（活魚・貝類・高級鮮魚）,http://www.yama-haru.jp,03-6636-5180
2010,0201,11,1,4944,山治,山治,ヤマハル,(株)山治,特種物業会,特種物業会（活魚・貝類・高級鮮魚）,http://www.yama-haru.jp,03-6636-5180
2011,0201,11,1,4944,山治,山治,ヤマハル,(株)山治,特種物業会,特種物業会（活魚・貝類・高級鮮魚）,http://www.yama-haru.jp,03-6636-5180
2012,0201,11,1,4944,山治,山治,ヤマハル,(株)山治,特種物業会,特種物業会（活魚・貝類・高級鮮魚）,http://www.yama-haru.jp,03-6636-5180
2013,0201,11,1,4944,山治,山治,ヤマハル,(株)山治,特種物業会,特種物業会（活魚・貝類・高級鮮魚）,http://www.yama-haru.jp,03-6636-5180
2014,0201,11,1,4944,山治,山治,ヤマハル,(株)山治,特種物業会,特種物業会（活魚・貝類・高級鮮魚）,http://www.yama-haru.jp,03-6636-5180
2015,0202,11,2,2152,米彦,米彦,コメヒコ,(株)米彦,大物業会,大物業会（マグロ・カジキ類）,http://www.daihiro-komehiko.com,03-6633-5345、03-6633-5347、03-6633-5548
2016,0202,11,2,2152,米彦,米彦,コメヒコ,(株)米彦,大物業会,大物業会（マグロ・カジキ類）,http://www.daihiro-komehiko.com,03-6633-5345、03-6633-5347、03-6633-5548
2017,0202,11,2,2152,米彦,米彦,コメヒコ,(株)米彦,大物業会,大物業会（マグロ・カジキ類）,http://www.daihiro-komehiko.com,03-6633-5345、03-6633-5347、03-6633-5548
2018,0202,11,2,2152,米彦,米彦,コメヒコ,(株)米彦,大物業会,大物業会（マグロ・カジキ類）,http://www.daihiro-komehiko.com,03-6633-5345、03-6633-5347、03-6633-5548
2019,0202,11,2,1336,内田水産,内田水産,ウチダスイサン,(株)内田水産,鮮魚業会,鮮魚業会（鮮魚全般）,,03-6633-5300
2020,0202,11,2,1336,内田水産,内田水産,ウチダスイサン,(株)内田水産,鮮魚業会,鮮魚業会（鮮魚全般）,,03-6633-5300
2021,0202,11,2,1336,内田水産,内田水産,ウチダスイサン,(株)内田水産,鮮魚業会,鮮魚業会（鮮魚全般）,,03-6633-5300
2022,0202,11,2,2013,恵洋,恵洋水産,ケイヨウ,(株)恵洋水産,大物業会,大物業会（マグロ・カジキ類）,,03-6633-4588
2023,0202,11,2,1062,アツミ水産,アツミ水産,アツミスイサン,(株)アツミ水産,大物業会,大物業会（マグロ・カジキ類）,http://cosmo-atsumi.jp/,03-6633-5959
2024,0202,11,2,1062,アツミ水産,アツミ水産,アツミスイサン,(株)アツミ水産,大物業会,大物業会（マグロ・カジキ類）,http://cosmo-atsumi.jp/,03-6633-5959
2025,0202,11,2,2152,米彦,米彦,コメヒコ,(株)米彦,大物業会,大物業会（マグロ・カジキ類）,http://www.daihiro-komehiko.com,03-6633-5345、03-6633-5347、03-6633-5548
2026,0202,11,2,2152,米彦,米彦,コメヒコ,(株)米彦,大物業会,大物業会（マグロ・カジキ類）,http://www.daihiro-komehiko.com,03-6633-5345、03-6633-5347、03-6633-5548
2027,0202,11,2,2152,米彦,米彦,コメヒコ,(株)米彦,大物業会,大物業会（マグロ・カジキ類）,http://www.daihiro-komehiko.com,03-6633-5345、03-6633-5347、03-6633-5548
2028,0202,11,2,3839,八海,八海,ハッカイ,(株)八海,特種物業会,特種物業会（活魚・貝類・高級鮮魚）,,03-6633-4122
2029,0202,11,2,4425,丸時,丸時,マルトキ,(株)丸時,合物業会 / 塩干魚業会,合物業会（干物・魚漬け・加工品） / 塩干魚業会（シラス・乾物・珍味）,,03-6633-5095
2030,0202,11,2,4425,丸時,丸時,マルトキ,(株)丸時,合物業会 / 塩干魚業会,合物業会（干物・魚漬け・加工品） / 塩干魚業会（シラス・乾物・珍味）,,03-6633-5095
2031,0203,11,3,4058,太海,太海食品,フトミ,太海食品(株),大物業会,大物業会（マグロ・カジキ類）,,03-6633-5850
2032,0203,11,3,4058,太海,太海食品,フトミ,太海食品(株),大物業会,大物業会（マグロ・カジキ類）,,03-6633-5850
2033,0203,11,3,4058,太海,太海食品,フトミ,太海食品(株),大物業会,大物業会（マグロ・カジキ類）,,03-6633-5850
2034,0203,11,3,4058,太海,太海食品,フトミ,太海食品(株),大物業会,大物業会（マグロ・カジキ類）,,03-6633-5850
2035,0203,11,3,4058,太海,太海食品,フトミ,太海食品(株),大物業会,大物業会（マグロ・カジキ類）,,03-6633-5850
2036,0203,11,3,4058,太海,太海食品,フトミ,太海食品(株),大物業会,大物業会（マグロ・カジキ類）,,03-6633-5850
2037,0203,11,3,4058,太海,太海食品,フトミ,太海食品(株),大物業会,大物業会（マグロ・カジキ類）,,03-6633-5850
2038,0203,11,3,4058,太海,太海食品,フトミ,太海食品(株),大物業会,大物業会（マグロ・カジキ類）,,03-6633-5850
2039,0203,11,3,4458,萬幸水産,萬幸水産,マンコウスイサン,(有)萬幸水産,大物業会,大物業会（マグロ・カジキ類）,,03-6633-4663、03-6633-0018
2040,0203,11,3,4458,萬幸水産,萬幸水産,マンコウスイサン,(有)萬幸水産,大物業会,大物業会（マグロ・カジキ類）,,03-6633-4663、03-6633-0018
2041,0203,11,3,3333,長島,長島商店,ナガシマ,(株)長島商店,煉・加工品業会 / 合物業会,煉・加工品業会（煉製品・おでん・惣菜） / 合物業会（干物・魚漬け・加工品）,,03-6633-4128、03-6633-4119
2042,0203,11,3,3333,長島,長島商店,ナガシマ,(株)長島商店,煉・加工品業会 / 合物業会,煉・加工品業会（煉製品・おでん・惣菜） / 合物業会（干物・魚漬け・加工品）,,03-6633-4128、03-6633-4119
2043,0203,11,3,4814,籾豊,籾豊,モミトヨ,(有)籾豊,大物業会,大物業会（マグロ・カジキ類）,,03-6633-4488
2044,0203,11,3,4814,籾豊,籾豊,モミトヨ,(有)籾豊,大物業会,大物業会（マグロ・カジキ類）,,03-6633-4488
2045,0203,11,3,4424,マルツ尾清,マルツ尾清,マルツオセイ,(株)マルツ尾清,特種物業会,特種物業会（活魚・貝類・高級鮮魚）,http://www.marutsuosei.co.jp/,03-6633-5892、03-6633-5893、03-6633-5894、03-6633-5895
2046,0203,11,3,4424,マルツ尾清,マルツ尾清,マルツオセイ,(株)マルツ尾清,特種物業会,特種物業会（活魚・貝類・高級鮮魚）,http://www.marutsuosei.co.jp/,03-6633-5892、03-6633-5893、03-6633-5894、03-6633-5895
2047,0204,11,4,4811,本橋,本橋,モトハシ,(有)本橋,鮮魚業会,鮮魚業会（鮮魚全般）,,03-6633-5525
2048,0204,11,4,4811,本橋,本橋,モトハシ,(有)本橋,鮮魚業会,鮮魚業会（鮮魚全般）,,03-6633-5525
2049,0204,11,4,1146,伊勢国,伊勢国,イセクニ,(有)伊勢国,鮮魚業会,鮮魚業会（鮮魚全般）,,03-6633-4333
2050,0204,11,4,5128,吉丸水産,吉丸水産,ヨシマルスイサン,(株)吉丸水産,特種物業会,特種物業会（活魚・貝類・高級鮮魚）,,03-6633-4047
2051,0204,11,4,5128,吉丸水産,吉丸水産,ヨシマルスイサン,(株)吉丸水産,特種物業会,特種物業会（活魚・貝類・高級鮮魚）,,03-6633-4047
2052,0204,11,4,5128,吉丸水産,吉丸水産,ヨシマルスイサン,(株)吉丸水産,特種物業会,特種物業会（活魚・貝類・高級鮮魚）,,03-6633-4047
2053,0204,11,4,4331,松長,松長,マツチョウ,(有)松長,大物業会,大物業会（マグロ・カジキ類）,,03-6633-4606
2054,0204,11,4,4331,松長,松長,マツチョウ,(有)松長,大物業会,大物業会（マグロ・カジキ類）,,03-6633-4606
2055,0204,11,4,4331,松長,松長,マツチョウ,(有)松長,大物業会,大物業会（マグロ・カジキ類）,,03-6633-4606
2056,0204,11,4,5322,渡辺,渡辺商店,ワタナベ,(株)渡辺商店,鮮魚業会 / 特種物業会,鮮魚業会（鮮魚全般） / 特種物業会（活魚・貝類・高級鮮魚）,,03-6633-4470、03-6633-4400
2057,0204,11,4,5322,渡辺,渡辺商店,ワタナベ,(株)渡辺商店,鮮魚業会 / 特種物業会,鮮魚業会（鮮魚全般） / 特種物業会（活魚・貝類・高級鮮魚）,,03-6633-4470、03-6633-4400
2058,0204,11,4,5322,渡辺,渡辺商店,ワタナベ,(株)渡辺商店,鮮魚業会 / 特種物業会,鮮魚業会（鮮魚全般） / 特種物業会（活魚・貝類・高級鮮魚）,,03-6633-4470、03-6633-4400
2059,0204,11,4,2152,米彦,米彦,コメヒコ,(株)米彦,大物業会,大物業会（マグロ・カジキ類）,http://www.daihiro-komehiko.com,03-6633-5345、03-6633-5347、03-6633-5548
2060,0204,11,4,2152,米彦,米彦,コメヒコ,(株)米彦,大物業会,大物業会（マグロ・カジキ類）,http://www.daihiro-komehiko.com,03-6633-5345、03-6633-5347、03-6633-5548
2061,0204,11,4,1065,明定水産,明定水産,アカサダスイサン,(有)明定水産,鮮魚業会,鮮魚業会（鮮魚全般）,,03-6633-4074
2062,0204,11,4,1065,明定水産,明定水産,アカサダスイサン,(有)明定水産,鮮魚業会,鮮魚業会（鮮魚全般）,,03-6633-4074
2063,0205,11,5,1166,伊勢千代佃彦,伊勢千代佃彦水産,イセチヨツクヒコ,(株)伊勢千代佃彦水産,鮮魚業会,鮮魚業会（鮮魚全般）,,03-6633-5015
2064,0205,11,5,1166,伊勢千代佃彦,伊勢千代佃彦水産,イセチヨツクヒコ,(株)伊勢千代佃彦水産,鮮魚業会,鮮魚業会（鮮魚全般）,,03-6633-5015
2065,0205,11,5,2762,大芳,大芳,ダイヨシ,(株)大芳,特種物業会,特種物業会（活魚・貝類・高級鮮魚）,http://www.e-daiyoshi.com/,03-6633-5060
2066,0205,11,5,2762,大芳,大芳,ダイヨシ,(株)大芳,特種物業会,特種物業会（活魚・貝類・高級鮮魚）,http://www.e-daiyoshi.com/,03-6633-5060
2067,0205,11,5,2520,関三,関三,セキサン,(有)関三,大物業会,大物業会（マグロ・カジキ類）,,03-6633-5598
2068,0205,11,5,2520,関三,関三,セキサン,(有)関三,大物業会,大物業会（マグロ・カジキ類）,,03-6633-5598
2069,0205,11,5,2520,関三,関三,セキサン,(有)関三,大物業会,大物業会（マグロ・カジキ類）,,03-6633-5598
2070,0205,11,5,1911,久保田,久保田商店,クボタ,(株)久保田商店,大物業会,大物業会（マグロ・カジキ類）,,03-6633-4125
2071,0205,11,5,1240,伊勢田水産,伊勢田水産,イセダスイサン,(株)伊勢田水産,鮮魚業会 / 特種物業会,鮮魚業会（鮮魚全般） / 特種物業会（活魚・貝類・高級鮮魚）,,03-6633-5564
2072,0205,11,5,1240,伊勢田水産,伊勢田水産,イセダスイサン,(株)伊勢田水産,鮮魚業会 / 特種物業会,鮮魚業会（鮮魚全般） / 特種物業会（活魚・貝類・高級鮮魚）,,03-6633-5564
2073,0205,11,5,5000,山仁本店,山仁本店,ヤマジンホンテン,(有)山仁本店,無所属,無所属,,03-5547-4433
2074,0205,11,5,5000,山仁本店,山仁本店,ヤマジンホンテン,(有)山仁本店,無所属,無所属,,03-5547-4433
2075,0205,11,5,2901,太誠,太誠,タイセイ,(株)太誠,無所属,無所属,,
2076,0205,11,5,1923,串田水産,串田水産,クシダスイサン,(有)串田水産,特種物業会,特種物業会（活魚・貝類・高級鮮魚）,,03-6633-4002
2077,0205,11,5,1923,串田水産,串田水産,クシダスイサン,(有)串田水産,特種物業会,特種物業会（活魚・貝類・高級鮮魚）,,03-6633-4002
2078,0205,11,5,1923,串田水産,串田水産,クシダスイサン,(有)串田水産,特種物業会,特種物業会（活魚・貝類・高級鮮魚）,,03-6633-4002
2079,0206,11,6,1640,カネコ,金子順商店,カネコ,(有)金子順商店,佃和会,佃和会（佃煮・惣菜・珍味）,,03-6633-5454
2080,0206,11,6,1640,カネコ,金子順商店,カネコ,(有)金子順商店,佃和会,佃和会（佃煮・惣菜・珍味）,,03-6633-5454
2081,0206,11,6,1640,カネコ,金子順商店,カネコ,(有)金子順商店,佃和会,佃和会（佃煮・惣菜・珍味）,,03-6633-5454
2082,0206,11,6,1640,カネコ,金子順商店,カネコ,(有)金子順商店,佃和会,佃和会（佃煮・惣菜・珍味）,,03-6633-5454
2083,0206,11,6,2141,米三,米三,コメサン,(有)米三,鮮魚業会,鮮魚業会（鮮魚全般）,,
2084,0206,11,6,4322,松岩,松岩商店,マツイワ,(株)松岩商店,特種物業会 / 海老協会,特種物業会（活魚・貝類・高級鮮魚） / 海老協会（活・生鮮・冷凍エビ）,,03-6633-5734
2085,0206,11,6,4322,松岩,松岩商店,マツイワ,(株)松岩商店,特種物業会 / 海老協会,特種物業会（活魚・貝類・高級鮮魚） / 海老協会（活・生鮮・冷凍エビ）,,03-6633-5734
2086,0206,11,6,4322,松岩,松岩商店,マツイワ,(株)松岩商店,特種物業会 / 海老協会,特種物業会（活魚・貝類・高級鮮魚） / 海老協会（活・生鮮・冷凍エビ）,,03-6633-5734
2087,0206,11,6,4966,山松,岡田山松商店,ヤママツ,(有)岡田山松商店,鮮魚業会,鮮魚業会（鮮魚全般）,,03-6633-4840
2088,0206,11,6,4966,山松,岡田山松商店,ヤママツ,(有)岡田山松商店,鮮魚業会,鮮魚業会（鮮魚全般）,,03-6633-4840
2089,0206,11,6,4910,八木正,八木正,ヤギショウ,(有)八木正,特種物業会,特種物業会（活魚・貝類・高級鮮魚）,,03-6633-5923
2090,0206,11,6,4910,八木正,八木正,ヤギショウ,(有)八木正,特種物業会,特種物業会（活魚・貝類・高級鮮魚）,,03-6633-5923
2091,0206,11,6,2851,滝八,滝八商店,タキハチ,(株)滝八商店,大物業会,大物業会（マグロ・カジキ類）,,03-6633-5550
2092,0206,11,6,2126,越一,越一,コシイチ,(有)越一,鮮魚業会,鮮魚業会（鮮魚全般）,,03-6633-4061
2093,0206,11,6,2126,越一,越一,コシイチ,(有)越一,鮮魚業会,鮮魚業会（鮮魚全般）,,03-6633-4061
2094,0206,11,6,2126,越一,越一,コシイチ,(有)越一,鮮魚業会,鮮魚業会（鮮魚全般）,,03-6633-4061
2095,0207,11,7,1535,尾寅,尾寅,オトラ,(株)尾寅,大物業会,大物業会（マグロ・カジキ類）,http://www.otora.co.jp,03-6633-4800
2096,0207,11,7,1535,尾寅,尾寅,オトラ,(株)尾寅,大物業会,大物業会（マグロ・カジキ類）,http://www.otora.co.jp,03-6633-4800
2097,0207,11,7,1535,尾寅,尾寅,オトラ,(株)尾寅,大物業会,大物業会（マグロ・カジキ類）,http://www.otora.co.jp,03-6633-4800
2098,0207,11,7,1535,尾寅,尾寅,オトラ,(株)尾寅,大物業会,大物業会（マグロ・カジキ類）,http://www.otora.co.jp,03-6633-4800
2099,0207,11,7,4350,丸菊,丸菊,マルギク,(株)丸菊,大物業会,大物業会（マグロ・カジキ類）,,03-6633-4887
2100,0207,11,7,4350,丸菊,丸菊,マルギク,(株)丸菊,大物業会,大物業会（マグロ・カジキ類）,,03-6633-4887
2101,0207,11,7,2247,堺浜,なり市堺浜,サカハマ,(株)なり市堺浜,大物業会,大物業会（マグロ・カジキ類）,http://www.nariichi-sakahama.co.jp/,03-5548-7171
2102,0207,11,7,2247,堺浜,なり市堺浜,サカハマ,(株)なり市堺浜,大物業会,大物業会（マグロ・カジキ類）,http://www.nariichi-sakahama.co.jp/,03-5548-7171
2103,0207,11,7,2247,堺浜,なり市堺浜,サカハマ,(株)なり市堺浜,大物業会,大物業会（マグロ・カジキ類）,http://www.nariichi-sakahama.co.jp/,03-5548-7171
2104,0207,11,7,2247,堺浜,なり市堺浜,サカハマ,(株)なり市堺浜,大物業会,大物業会（マグロ・カジキ類）,http://www.nariichi-sakahama.co.jp/,03-5548-7171
2105,0207,11,7,2759,大雍,大雍商店,ダイヨウ,(有)大雍商店,海老協会 / 特種物業会,海老協会（活・生鮮・冷凍エビ） / 特種物業会（活魚・貝類・高級鮮魚）,,03-6633-8013
2106,0207,11,7,2759,大雍,大雍商店,ダイヨウ,(有)大雍商店,海老協会 / 特種物業会,海老協会（活・生鮮・冷凍エビ） / 特種物業会（活魚・貝類・高級鮮魚）,,03-6633-8013
2107,0207,11,7,2759,大雍,大雍商店,ダイヨウ,(有)大雍商店,海老協会 / 特種物業会,海老協会（活・生鮮・冷凍エビ） / 特種物業会（活魚・貝類・高級鮮魚）,,03-6633-8013
2108,0207,11,7,2759,大雍,大雍商店,ダイヨウ,(有)大雍商店,海老協会 / 特種物業会,海老協会（活・生鮮・冷凍エビ） / 特種物業会（活魚・貝類・高級鮮魚）,,03-6633-8013
2109,0207,11,7,2759,大雍,大雍商店,ダイヨウ,(有)大雍商店,海老協会 / 特種物業会,海老協会（活・生鮮・冷凍エビ） / 特種物業会（活魚・貝類・高級鮮魚）,,03-6633-8013
2110,0207,11,7,2759,大雍,大雍商店,ダイヨウ,(有)大雍商店,海老協会 / 特種物業会,海老協会（活・生鮮・冷凍エビ） / 特種物業会（活魚・貝類・高級鮮魚）,,03-6633-8013
2111,0208,11,8,4393,マル喜大一,丸喜大一水産,マルキダイイチ,丸喜大一水産(株),北洋物業会,北洋物業会（鮭鱒・魚卵・冷凍品）,,03-6633-4008
2112,0208,11,8,4393,マル喜大一,丸喜大一水産,マルキダイイチ,丸喜大一水産(株),北洋物業会,北洋物業会（鮭鱒・魚卵・冷凍品）,,03-6633-4008
2113,0208,11,8,4309,町昇,町昇,マチショウ,(有)町昇,特種物業会,特種物業会（活魚・貝類・高級鮮魚）,,03-6633-5250
2114,0208,11,8,4309,町昇,町昇,マチショウ,(有)町昇,特種物業会,特種物業会（活魚・貝類・高級鮮魚）,,03-6633-5250
2115,0208,11,8,1822,木村,木村水産,キムラ,木村水産(株),大物業会,大物業会（マグロ・カジキ類）,,03-6633-5817
2116,0208,11,8,1822,木村,木村水産,キムラ,木村水産(株),大物業会,大物業会（マグロ・カジキ類）,,03-6633-5817
2117,0208,11,8,1822,木村,木村水産,キムラ,木村水産(株),大物業会,大物業会（マグロ・カジキ類）,,03-6633-5817
2118,0208,11,8,1822,木村,木村水産,キムラ,木村水産(株),大物業会,大物業会（マグロ・カジキ類）,,03-6633-5817
2119,0208,11,8,4417,マルス丸鈴,,マルスマルスズ,,大物業会,大物業会（マグロ・カジキ類）,,03-6633-4189
2120,0208,11,8,4921,柳又,柳又,ヤナマタ,(株)柳又,大物業会,大物業会（マグロ・カジキ類）,,03-6633-4040
2121,0208,11,8,2289,三栄水産,三栄水産,サンエイスイサン,三栄水産(株),海老協会 / 伊勢海老組合,海老協会（活・生鮮・冷凍エビ） / 伊勢海老組合（伊勢海老）,,03-6633-4678
2122,0208,11,8,2289,三栄水産,三栄水産,サンエイスイサン,三栄水産(株),海老協会 / 伊勢海老組合,海老協会（活・生鮮・冷凍エビ） / 伊勢海老組合（伊勢海老）,,03-6633-4678
2123,0208,11,8,2289,三栄水産,三栄水産,サンエイスイサン,三栄水産(株),海老協会 / 伊勢海老組合,海老協会（活・生鮮・冷凍エビ） / 伊勢海老組合（伊勢海老）,,03-6633-4678
2124,0208,11,8,2289,三栄水産,三栄水産,サンエイスイサン,三栄水産(株),海老協会 / 伊勢海老組合,海老協会（活・生鮮・冷凍エビ） / 伊勢海老組合（伊勢海老）,,03-6633-4678
2125,0208,11,8,2289,三栄水産,三栄水産,サンエイスイサン,三栄水産(株),海老協会 / 伊勢海老組合,海老協会（活・生鮮・冷凍エビ） / 伊勢海老組合（伊勢海老）,,03-6633-4678
2126,0208,11,8,2289,三栄水産,三栄水産,サンエイスイサン,三栄水産(株),海老協会 / 伊勢海老組合,海老協会（活・生鮮・冷凍エビ） / 伊勢海老組合（伊勢海老）,,03-6633-4678
2127,0209,11,9,2335,上芳,上芳商店,ジョウヨシ,(株)上芳商店,鮮魚業会,鮮魚業会（鮮魚全般）,,03-6633-4530
2128,0209,11,9,2335,上芳,上芳商店,ジョウヨシ,(株)上芳商店,鮮魚業会,鮮魚業会（鮮魚全般）,,03-6633-4530
2129,0209,11,9,4960,山八,山八,ヤマハチ,(株)山八,特種物業会 / 海老協会,特種物業会（活魚・貝類・高級鮮魚） / 海老協会（活・生鮮・冷凍エビ）,http://www.mt-eight.com/,03-6636-6011、03-6636-6013、03-6636-6015、03-6636-6017、03-6636-6019
2130,0209,11,9,4960,山八,山八,ヤマハチ,(株)山八,特種物業会 / 海老協会,特種物業会（活魚・貝類・高級鮮魚） / 海老協会（活・生鮮・冷凍エビ）,http://www.mt-eight.com/,03-6636-6011、03-6636-6013、03-6636-6015、03-6636-6017、03-6636-6019
2131,0209,11,9,4960,山八,山八,ヤマハチ,(株)山八,特種物業会 / 海老協会,特種物業会（活魚・貝類・高級鮮魚） / 海老協会（活・生鮮・冷凍エビ）,http://www.mt-eight.com/,03-6636-6011、03-6636-6013、03-6636-6015、03-6636-6017、03-6636-6019
2132,0209,11,9,4960,山八,山八,ヤマハチ,(株)山八,特種物業会 / 海老協会,特種物業会（活魚・貝類・高級鮮魚） / 海老協会（活・生鮮・冷凍エビ）,http://www.mt-eight.com/,03-6636-6011、03-6636-6013、03-6636-6015、03-6636-6017、03-6636-6019
2133,0209,11,9,2850,滝富,瀧富商店,タキトミ,(有)瀧富商店,大物業会,大物業会（マグロ・カジキ類）,,03-6633-5009
2134,0209,11,9,2850,滝富,瀧富商店,タキトミ,(有)瀧富商店,大物業会,大物業会（マグロ・カジキ類）,,03-6633-5009
2135,0209,11,9,5061,湯浅,湯浅商店,ユアサ,(株)湯浅商店,無所属,無所属,,03-6633-7936
2136,0209,11,9,5061,湯浅,湯浅商店,ユアサ,(株)湯浅商店,無所属,無所属,,03-6633-7936
2137,0209,11,9,5061,湯浅,湯浅商店,ユアサ,(株)湯浅商店,無所属,無所属,,03-6633-7936
2138,0209,11,9,5061,湯浅,湯浅商店,ユアサ,(株)湯浅商店,無所属,無所属,,03-6633-7936
2139,0209,11,9,2244,堺藤,堺藤,サカフジ,(有)堺藤,大物業会,大物業会（マグロ・カジキ類）,,03-6633-4455
2140,0209,11,9,2244,堺藤,堺藤,サカフジ,(有)堺藤,大物業会,大物業会（マグロ・カジキ類）,,03-6633-4455
2141,0209,11,9,2156,コアミ,コアミ,コアミ,(株)コアミ,海老協会 / 特種物業会,海老協会（活・生鮮・冷凍エビ） / 特種物業会（活魚・貝類・高級鮮魚）,http://www.koami.info,03-6633-4091
2142,0209,11,9,2156,コアミ,コアミ,コアミ,(株)コアミ,海老協会 / 特種物業会,海老協会（活・生鮮・冷凍エビ） / 特種物業会（活魚・貝類・高級鮮魚）,http://www.koami.info,03-6633-4091
2143,0209,11,9,2156,コアミ,コアミ,コアミ,(株)コアミ,海老協会 / 特種物業会,海老協会（活・生鮮・冷凍エビ） / 特種物業会（活魚・貝類・高級鮮魚）,http://www.koami.info,03-6633-4091
2144,0209,11,9,2156,コアミ,コアミ,コアミ,(株)コアミ,海老協会 / 特種物業会,海老協会（活・生鮮・冷凍エビ） / 特種物業会（活魚・貝類・高級鮮魚）,http://www.koami.info,03-6633-4091
2145,0209,11,9,4960,山八,山八,ヤマハチ,(株)山八,特種物業会 / 海老協会,特種物業会（活魚・貝類・高級鮮魚） / 海老協会（活・生鮮・冷凍エビ）,http://www.mt-eight.com/,03-6636-6011、03-6636-6013、03-6636-6015、03-6636-6017、03-6636-6019
2146,0209,11,9,4960,山八,山八,ヤマハチ,(株)山八,特種物業会 / 海老協会,特種物業会（活魚・貝類・高級鮮魚） / 海老協会（活・生鮮・冷凍エビ）,http://www.mt-eight.com/,03-6636-6011、03-6636-6013、03-6636-6015、03-6636-6017、03-6636-6019
3001,0301,10,1,1521,尾啓,尾啓水産,オケイ,(有)尾啓水産,大物業会,大物業会（マグロ・カジキ類）,,03-6633-5611
3002,0301,10,1,2133,米磯,,コメイソ,,大物業会,大物業会（マグロ・カジキ類）,,03-6633-4903
3003,0301,10,1,4964,山福,山福,ヤマフク,(有)山福,特種物業会,特種物業会（活魚・貝類・高級鮮魚）,,03-6633-5906
3004,0301,10,1,4964,山福,山福,ヤマフク,(有)山福,特種物業会,特種物業会（活魚・貝類・高級鮮魚）,,03-6633-5906
3005,0301,10,1,4964,山福,山福,ヤマフク,(有)山福,特種物業会,特種物業会（活魚・貝類・高級鮮魚）,,03-6633-5906
3006,0301,10,1,4964,山福,山福,ヤマフク,(有)山福,特種物業会,特種物業会（活魚・貝類・高級鮮魚）,,03-6633-5906
3007,0301,10,1,5323,渡福,渡福商店,ワタフク,(有)渡福商店,大物業会,大物業会（マグロ・カジキ類）,,03-6633-4338、03-6633-5126
3008,0301,10,1,5323,渡福,渡福商店,ワタフク,(有)渡福商店,大物業会,大物業会（マグロ・カジキ類）,,03-6633-4338、03-6633-5126
3009,0301,10,1,5323,渡福,渡福商店,ワタフク,(有)渡福商店,大物業会,大物業会（マグロ・カジキ類）,,03-6633-4338、03-6633-5126
3010,0301,10,1,5323,渡福,渡福商店,ワタフク,(有)渡福商店,大物業会,大物業会（マグロ・カジキ類）,,03-6633-4338、03-6633-5126
3011,0301,10,1,5323,渡福,渡福商店,ワタフク,(有)渡福商店,大物業会,大物業会（マグロ・カジキ類）,,03-6633-4338、03-6633-5126
3012,0301,10,1,5323,渡福,渡福商店,ワタフク,(有)渡福商店,大物業会,大物業会（マグロ・カジキ類）,,03-6633-4338、03-6633-5126
3013,0301,10,1,5323,渡福,渡福商店,ワタフク,(有)渡福商店,大物業会,大物業会（マグロ・カジキ類）,,03-6633-4338、03-6633-5126
3014,0301,10,1,5323,渡福,渡福商店,ワタフク,(有)渡福商店,大物業会,大物業会（マグロ・カジキ類）,,03-6633-4338、03-6633-5126
3015,0302,10,2,4944,山治,山治,ヤマハル,(株)山治,特種物業会,特種物業会（活魚・貝類・高級鮮魚）,http://www.yama-haru.jp,03-6636-5180
3016,0302,10,2,4944,山治,山治,ヤマハル,(株)山治,特種物業会,特種物業会（活魚・貝類・高級鮮魚）,http://www.yama-haru.jp,03-6636-5180
3017,0302,10,2,4944,山治,山治,ヤマハル,(株)山治,特種物業会,特種物業会（活魚・貝類・高級鮮魚）,http://www.yama-haru.jp,03-6636-5180
3018,0302,10,2,4944,山治,山治,ヤマハル,(株)山治,特種物業会,特種物業会（活魚・貝類・高級鮮魚）,http://www.yama-haru.jp,03-6636-5180
3019,0302,10,2,3254,戸田水産,戸田水産,トダスイサン,(有)戸田水産,特種物業会 / 大物業会,特種物業会（活魚・貝類・高級鮮魚） / 大物業会（マグロ・カジキ類）,,03-6633-5385
3020,0302,10,2,3254,戸田水産,戸田水産,トダスイサン,(有)戸田水産,特種物業会 / 大物業会,特種物業会（活魚・貝類・高級鮮魚） / 大物業会（マグロ・カジキ類）,,03-6633-5385
3021,0302,10,2,5324,和田,和田食品,ワダ,(有)和田食品,鮮魚業会,鮮魚業会（鮮魚全般）,,03-6633-4118
3022,0302,10,2,5324,和田,和田食品,ワダ,(有)和田食品,鮮魚業会,鮮魚業会（鮮魚全般）,,03-6633-4118
3023,0302,10,2,5327,和田分,和田分,ワダブン,(株)和田分,無所属,無所属,http://www.wataru-j.com/,03-6633-5011
3024,0302,10,2,3916,樋徳,樋徳商店,ヒトク,(株)樋徳商店,特種物業会,特種物業会（活魚・貝類・高級鮮魚）,,03-6633-4109
3025,0302,10,2,3916,樋徳,樋徳商店,ヒトク,(株)樋徳商店,特種物業会,特種物業会（活魚・貝類・高級鮮魚）,,03-6633-4109
3026,0302,10,2,3916,樋徳,樋徳商店,ヒトク,(株)樋徳商店,特種物業会,特種物業会（活魚・貝類・高級鮮魚）,,03-6633-4109
3027,0302,10,2,4126,本芳,本芳,ホンヨシ,(有)本芳,鮮魚業会,鮮魚業会（鮮魚全般）,,03-6633-5357
3028,0302,10,2,4126,本芳,本芳,ホンヨシ,(有)本芳,鮮魚業会,鮮魚業会（鮮魚全般）,,03-6633-5357
3029,0302,10,2,3259,東研,東京海洋資源研究所,トウケン,(有)東京海洋資源研究所,特種物業会,特種物業会（活魚・貝類・高級鮮魚）,,03-6633-4129
3030,0302,10,2,3259,東研,東京海洋資源研究所,トウケン,(有)東京海洋資源研究所,特種物業会,特種物業会（活魚・貝類・高級鮮魚）,,03-6633-4129
3031,0303,10,3,2419,杉分,杉分,スギブン,(有)杉分,大物業会,大物業会（マグロ・カジキ類）,,03-6633-4447
3032,0303,10,3,2419,杉分,杉分,スギブン,(有)杉分,大物業会,大物業会（マグロ・カジキ類）,,03-6633-4447
3033,0303,10,3,2419,杉分,杉分,スギブン,(有)杉分,大物業会,大物業会（マグロ・カジキ類）,,03-6633-4447
3034,0303,10,3,3073,築地三代,築地三代,ツキジサンダイ,(株)築地三代,無所属,無所属,,
3035,0303,10,3,3442,西四高橋,西四高橋,ニシジタカハシ,(有)西四高橋,無所属,無所属,,03-6633-5595
3036,0303,10,3,4480,丸山,丸山,マルヤマ,(株)丸山,無所属,無所属,,03-6633-5595
3037,0303,10,3,2746,大政,ダイマサ,ダイマサ,(株)ダイマサ,無所属,無所属,,03-6633-5542
3038,0303,10,3,2746,大政,ダイマサ,ダイマサ,(株)ダイマサ,無所属,無所属,,03-6633-5542
3039,0303,10,3,4710,恵水産,榊水産,メグミスイサン,(有)榊水産,大物業会,大物業会（マグロ・カジキ類）,,03-6633-5071
3040,0303,10,3,4710,恵水産,榊水産,メグミスイサン,(有)榊水産,大物業会,大物業会（マグロ・カジキ類）,,03-6633-5071
3041,0303,10,3,4710,恵水産,榊水産,メグミスイサン,(有)榊水産,大物業会,大物業会（マグロ・カジキ類）,,03-6633-5071
3042,0303,10,3,4710,恵水産,榊水産,メグミスイサン,(有)榊水産,大物業会,大物業会（マグロ・カジキ類）,,03-6633-5071
3043,0303,10,3,4710,恵水産,榊水産,メグミスイサン,(有)榊水産,大物業会,大物業会（マグロ・カジキ類）,,03-6633-5071
3044,0303,10,3,4942,山貞,山貞,ヤマテイ,(有)山貞,特種物業会,特種物業会（活魚・貝類・高級鮮魚）,,03-6633-5609
3045,0303,10,3,4942,山貞,山貞,ヤマテイ,(有)山貞,特種物業会,特種物業会（活魚・貝類・高級鮮魚）,,03-6633-5609
3046,0303,10,3,1693,片岡水産,片岡水産,カタオカスイサン,(有)片岡水産,特種物業会,特種物業会（活魚・貝類・高級鮮魚）,,03-6633-4523
3047,0304,10,4,1665,亀谷,亀谷,カメタニ,(株)亀谷,鮮魚業会 / 特種物業会 / 大物業会,鮮魚業会（鮮魚全般） / 特種物業会（活魚・貝類・高級鮮魚） / 大物業会（マグロ・カジキ類）,http://www.kametani.co.jp/,03-6633-5666
3048,0304,10,4,1665,亀谷,亀谷,カメタニ,(株)亀谷,鮮魚業会 / 特種物業会 / 大物業会,鮮魚業会（鮮魚全般） / 特種物業会（活魚・貝類・高級鮮魚） / 大物業会（マグロ・カジキ類）,http://www.kametani.co.jp/,03-6633-5666
3049,0304,10,4,1665,亀谷,亀谷,カメタニ,(株)亀谷,鮮魚業会 / 特種物業会 / 大物業会,鮮魚業会（鮮魚全般） / 特種物業会（活魚・貝類・高級鮮魚） / 大物業会（マグロ・カジキ類）,http://www.kametani.co.jp/,03-6633-5666
3050,0304,10,4,1665,亀谷,亀谷,カメタニ,(株)亀谷,鮮魚業会 / 特種物業会 / 大物業会,鮮魚業会（鮮魚全般） / 特種物業会（活魚・貝類・高級鮮魚） / 大物業会（マグロ・カジキ類）,http://www.kametani.co.jp/,03-6633-5666
3051,0304,10,4,1665,亀谷,亀谷,カメタニ,(株)亀谷,鮮魚業会 / 特種物業会 / 大物業会,鮮魚業会（鮮魚全般） / 特種物業会（活魚・貝類・高級鮮魚） / 大物業会（マグロ・カジキ類）,http://www.kametani.co.jp/,03-6633-5666
3052,0304,10,4,1665,亀谷,亀谷,カメタニ,(株)亀谷,鮮魚業会 / 特種物業会 / 大物業会,鮮魚業会（鮮魚全般） / 特種物業会（活魚・貝類・高級鮮魚） / 大物業会（マグロ・カジキ類）,http://www.kametani.co.jp/,03-6633-5666
3053,0304,10,4,1665,亀谷,亀谷,カメタニ,(株)亀谷,鮮魚業会 / 特種物業会 / 大物業会,鮮魚業会（鮮魚全般） / 特種物業会（活魚・貝類・高級鮮魚） / 大物業会（マグロ・カジキ類）,http://www.kametani.co.jp/,03-6633-5666
3054,0304,10,4,1665,亀谷,亀谷,カメタニ,(株)亀谷,鮮魚業会 / 特種物業会 / 大物業会,鮮魚業会（鮮魚全般） / 特種物業会（活魚・貝類・高級鮮魚） / 大物業会（マグロ・カジキ類）,http://www.kametani.co.jp/,03-6633-5666
3055,0304,10,4,1665,亀谷,亀谷,カメタニ,(株)亀谷,鮮魚業会 / 特種物業会 / 大物業会,鮮魚業会（鮮魚全般） / 特種物業会（活魚・貝類・高級鮮魚） / 大物業会（マグロ・カジキ類）,http://www.kametani.co.jp/,03-6633-5666
3056,0304,10,4,1665,亀谷,亀谷,カメタニ,(株)亀谷,鮮魚業会 / 特種物業会 / 大物業会,鮮魚業会（鮮魚全般） / 特種物業会（活魚・貝類・高級鮮魚） / 大物業会（マグロ・カジキ類）,http://www.kametani.co.jp/,03-6633-5666
3057,0304,10,4,1665,亀谷,亀谷,カメタニ,(株)亀谷,鮮魚業会 / 特種物業会 / 大物業会,鮮魚業会（鮮魚全般） / 特種物業会（活魚・貝類・高級鮮魚） / 大物業会（マグロ・カジキ類）,http://www.kametani.co.jp/,03-6633-5666
3058,0304,10,4,1665,亀谷,亀谷,カメタニ,(株)亀谷,鮮魚業会 / 特種物業会 / 大物業会,鮮魚業会（鮮魚全般） / 特種物業会（活魚・貝類・高級鮮魚） / 大物業会（マグロ・カジキ類）,http://www.kametani.co.jp/,03-6633-5666
3059,0304,10,4,3223,富市,富市商店,トミイチ,(株)富市商店,鮮魚業会,鮮魚業会（鮮魚全般）,,03-6633-5206
3060,0304,10,4,3223,富市,富市商店,トミイチ,(株)富市商店,鮮魚業会,鮮魚業会（鮮魚全般）,,03-6633-5206
3061,0304,10,4,3223,富市,富市商店,トミイチ,(株)富市商店,鮮魚業会,鮮魚業会（鮮魚全般）,,03-6633-5206
3062,0304,10,4,3223,富市,富市商店,トミイチ,(株)富市商店,鮮魚業会,鮮魚業会（鮮魚全般）,,03-6633-5206
3063,0305,10,5,5118,芳野分店,芳野分店,ヨシノブンテン,(有)芳野分店,特種物業会,特種物業会（活魚・貝類・高級鮮魚）,,03-6633-4624
3064,0305,10,5,5118,芳野分店,芳野分店,ヨシノブンテン,(有)芳野分店,特種物業会,特種物業会（活魚・貝類・高級鮮魚）,,03-6633-4624
3065,0305,10,5,4349,丸蒲食品,丸蒲食品,マルカマショクヒン,(有)丸蒲食品,煉・加工品業会,煉・加工品業会（煉製品・おでん・惣菜）,,03-6633-4005
3066,0305,10,5,4349,丸蒲食品,丸蒲食品,マルカマショクヒン,(有)丸蒲食品,煉・加工品業会,煉・加工品業会（煉製品・おでん・惣菜）,,03-6633-4005
3067,0305,10,5,2451,杉とよ,杉とよ,スギトヨ,(株)杉とよ,無所属,無所属,,03-6633-5502
3068,0305,10,5,2451,杉とよ,杉とよ,スギトヨ,(株)杉とよ,無所属,無所属,,03-6633-5502
3069,0305,10,5,4913,矢島,矢島,ヤジマ,(株)矢島,大物業会,大物業会（マグロ・カジキ類）,,03-6633-4913
3070,0305,10,5,4913,矢島,矢島,ヤジマ,(株)矢島,大物業会,大物業会（マグロ・カジキ類）,,03-6633-4913
3071,0305,10,5,1847,貴泉,貴泉,キセン,(株)貴泉,特種物業会,特種物業会（活魚・貝類・高級鮮魚）,,03-6633-4700
3072,0305,10,5,1847,貴泉,貴泉,キセン,(株)貴泉,特種物業会,特種物業会（活魚・貝類・高級鮮魚）,,03-6633-4700
3073,0305,10,5,1847,貴泉,貴泉,キセン,(株)貴泉,特種物業会,特種物業会（活魚・貝類・高級鮮魚）,,03-6633-4700
3074,0305,10,5,1847,貴泉,貴泉,キセン,(株)貴泉,特種物業会,特種物業会（活魚・貝類・高級鮮魚）,,03-6633-4700
3075,0305,10,5,2714,田信,田信商店,タシン,(株)田信商店,煉・加工品業会,煉・加工品業会（煉製品・おでん・惣菜）,http://www.tashin.co.jp,03-6633-4545
3076,0305,10,5,2714,田信,田信商店,タシン,(株)田信商店,煉・加工品業会,煉・加工品業会（煉製品・おでん・惣菜）,http://www.tashin.co.jp,03-6633-4545
3077,0305,10,5,3084,築地魚星,築地魚星,ツキジウオセイ,(株)築地魚星,無所属,無所属,,03-6633-5528
3078,0305,10,5,3084,築地魚星,築地魚星,ツキジウオセイ,(株)築地魚星,無所属,無所属,,03-6633-5528
3079,0306,10,6,1922,クロセ,クロセ,クロセ,(有)クロセ,特種物業会,特種物業会（活魚・貝類・高級鮮魚）,,03-6636-5514
3080,0306,10,6,1922,クロセ,クロセ,クロセ,(有)クロセ,特種物業会,特種物業会（活魚・貝類・高級鮮魚）,,03-6636-5514
3081,0306,10,6,4478,丸吾,,マルゴ,,淡水魚組合,淡水魚組合（ウナギ・ドジョウ・鯉）,,03-6633-5006
3082,0306,10,6,1070,青田,海XSIA青田,アオタ,(株)海XSIA青田,無所属,無所属,,03-6633-5003
3083,0306,10,6,3259,東研,東京海洋資源研究所,トウケン,(有)東京海洋資源研究所,特種物業会,特種物業会（活魚・貝類・高級鮮魚）,,03-6633-4129
3084,0306,10,6,3259,東研,東京海洋資源研究所,トウケン,(有)東京海洋資源研究所,特種物業会,特種物業会（活魚・貝類・高級鮮魚）,,03-6633-4129
3085,0306,10,6,3259,東研,東京海洋資源研究所,トウケン,(有)東京海洋資源研究所,特種物業会,特種物業会（活魚・貝類・高級鮮魚）,,03-6633-4129
3086,0306,10,6,1922,クロセ,クロセ,クロセ,(有)クロセ,特種物業会,特種物業会（活魚・貝類・高級鮮魚）,,03-6636-5514
3087,0306,10,6,1922,クロセ,クロセ,クロセ,(有)クロセ,特種物業会,特種物業会（活魚・貝類・高級鮮魚）,,03-6636-5514
3088,0306,10,6,1922,クロセ,クロセ,クロセ,(有)クロセ,特種物業会,特種物業会（活魚・貝類・高級鮮魚）,,03-6636-5514
3089,0306,10,6,1819,紀之重分店,紀之重分店,キノシゲブンテン,(有)紀之重分店,無所属,無所属,,03-3541-7670
3090,0306,10,6,2436,鈴房,,スズフサ,,鮮魚業会,鮮魚業会（鮮魚全般）,,03-6633-4472
3091,0306,10,6,3425,西誠,西誠,ニシセイ,(有)西誠,大物業会,大物業会（マグロ・カジキ類）,,03-6633-5800
3092,0306,10,6,3425,西誠,西誠,ニシセイ,(有)西誠,大物業会,大物業会（マグロ・カジキ類）,,03-6633-5800
3093,0306,10,6,4124,本田,築地本田,ホンダ,(有)築地本田,鮮魚業会,鮮魚業会（鮮魚全般）,,03-6633-4998
3094,0306,10,6,4124,本田,築地本田,ホンダ,(有)築地本田,鮮魚業会,鮮魚業会（鮮魚全般）,,03-6633-4998
3095,0307,10,7,1545,太田,築地太田,オオタ,(株)築地太田,特種物業会,特種物業会（活魚・貝類・高級鮮魚）,http://www.tsukiji-ohta.co.jp,03-6633-7942（パッケージ棟）
3096,0307,10,7,1545,太田,築地太田,オオタ,(株)築地太田,特種物業会,特種物業会（活魚・貝類・高級鮮魚）,http://www.tsukiji-ohta.co.jp,03-6633-7942（パッケージ棟）
3097,0307,10,7,1545,太田,築地太田,オオタ,(株)築地太田,特種物業会,特種物業会（活魚・貝類・高級鮮魚）,http://www.tsukiji-ohta.co.jp,03-6633-7942（パッケージ棟）
3098,0307,10,7,1545,太田,築地太田,オオタ,(株)築地太田,特種物業会,特種物業会（活魚・貝類・高級鮮魚）,http://www.tsukiji-ohta.co.jp,03-6633-7942（パッケージ棟）
3099,0307,10,7,1545,太田,築地太田,オオタ,(株)築地太田,特種物業会,特種物業会（活魚・貝類・高級鮮魚）,http://www.tsukiji-ohta.co.jp,03-6633-7942（パッケージ棟）
3100,0307,10,7,1545,太田,築地太田,オオタ,(株)築地太田,特種物業会,特種物業会（活魚・貝類・高級鮮魚）,http://www.tsukiji-ohta.co.jp,03-6633-7942（パッケージ棟）
3101,0307,10,7,2447,鈴友三浦水産,鈴友三浦水産,スズトモミウラ,(有)鈴友三浦水産,大物業会,大物業会（マグロ・カジキ類）,,03-6633-5999
3102,0307,10,7,2447,鈴友三浦水産,鈴友三浦水産,スズトモミウラ,(有)鈴友三浦水産,大物業会,大物業会（マグロ・カジキ類）,,03-6633-5999
3103,0307,10,7,2447,鈴友三浦水産,鈴友三浦水産,スズトモミウラ,(有)鈴友三浦水産,大物業会,大物業会（マグロ・カジキ類）,,03-6633-5999
3104,0307,10,7,2447,鈴友三浦水産,鈴友三浦水産,スズトモミウラ,(有)鈴友三浦水産,大物業会,大物業会（マグロ・カジキ類）,,03-6633-5999
3105,0307,10,7,4428,マル福,丸福商店,マルフク,(有)丸福商店,大物業会,大物業会（マグロ・カジキ類）,,03-6633-5255
3106,0307,10,7,4428,マル福,丸福商店,マルフク,(有)丸福商店,大物業会,大物業会（マグロ・カジキ類）,,03-6633-5255
3107,0307,10,7,4935,山金,山金商店,ヤマキン,(有)山金商店,大物業会,大物業会（マグロ・カジキ類）,,03-6633-4788
3108,0307,10,7,4535,宮一,宮一,ミヤイチ,(有)宮一,大物業会,大物業会（マグロ・カジキ類）,,03-6633-5381
3109,0307,10,7,4535,宮一,宮一,ミヤイチ,(有)宮一,大物業会,大物業会（マグロ・カジキ類）,,03-6633-5381
3110,0307,10,7,4535,宮一,宮一,ミヤイチ,(有)宮一,大物業会,大物業会（マグロ・カジキ類）,,03-6633-5381
3111,0308,10,8,4118,布袋徳,,ホテトク,,特種物業会,特種物業会（活魚・貝類・高級鮮魚）,,03-6633-5955
3112,0308,10,8,2320,柴原,柴原商店,シバハラ,(有)柴原商店,合物業会,合物業会（干物・魚漬け・加工品）,,03-6633-4694
3113,0308,10,8,3317,中里,中里水産,ナカザト,(有)中里水産,大物業会,大物業会（マグロ・カジキ類）,,03-6633-4435
3114,0308,10,8,3317,中里,中里水産,ナカザト,(有)中里水産,大物業会,大物業会（マグロ・カジキ類）,,03-6633-4435
3115,0308,10,8,3317,中里,中里水産,ナカザト,(有)中里水産,大物業会,大物業会（マグロ・カジキ類）,,03-6633-4435
3116,0308,10,8,2510,誠和水産,誠和水産,セイワスイサン,(有)誠和水産,特種物業会,特種物業会（活魚・貝類・高級鮮魚）,,03-6633-5355
3117,0308,10,8,2510,誠和水産,誠和水産,セイワスイサン,(有)誠和水産,特種物業会,特種物業会（活魚・貝類・高級鮮魚）,,03-6633-5355
3118,0308,10,8,2510,誠和水産,誠和水産,セイワスイサン,(有)誠和水産,特種物業会,特種物業会（活魚・貝類・高級鮮魚）,,03-6633-5355
3119,0308,10,8,2510,誠和水産,誠和水産,セイワスイサン,(有)誠和水産,特種物業会,特種物業会（活魚・貝類・高級鮮魚）,,03-6633-5355
3120,0308,10,8,2510,誠和水産,誠和水産,セイワスイサン,(有)誠和水産,特種物業会,特種物業会（活魚・貝類・高級鮮魚）,,03-6633-5355
3121,0308,10,8,5129,芳彦水産,芳彦水産,ヨシヒコスイサン,(有)芳彦水産,無所属,無所属,,03-6633-4660
3122,0308,10,8,5129,芳彦水産,芳彦水産,ヨシヒコスイサン,(有)芳彦水産,無所属,無所属,,03-6633-4660
3123,0308,10,8,1530,尾辰,尾辰商店,オタツ,(株)尾辰商店,鮮魚業会,鮮魚業会（鮮魚全般）,http://www.tsukisuso.com,03-3520-9990
3124,0308,10,8,1530,尾辰,尾辰商店,オタツ,(株)尾辰商店,鮮魚業会,鮮魚業会（鮮魚全般）,http://www.tsukisuso.com,03-3520-9990
3125,0308,10,8,1642,カネジュウ,,カネジュウ,,無所属,無所属,,070-1465-9448
3126,0308,10,8,1034,(東)志吉,東志吉,アヅマシヨシ,(有)東志吉,大物業会,大物業会（マグロ・カジキ類）,,03-6633-4104
3127,0309,10,9,4960,山八,山八,ヤマハチ,(株)山八,特種物業会 / 海老協会,特種物業会（活魚・貝類・高級鮮魚） / 海老協会（活・生鮮・冷凍エビ）,http://www.mt-eight.com/,03-6636-6011、03-6636-6013、03-6636-6015、03-6636-6017、03-6636-6019
3128,0309,10,9,4960,山八,山八,ヤマハチ,(株)山八,特種物業会 / 海老協会,特種物業会（活魚・貝類・高級鮮魚） / 海老協会（活・生鮮・冷凍エビ）,http://www.mt-eight.com/,03-6636-6011、03-6636-6013、03-6636-6015、03-6636-6017、03-6636-6019
3129,0309,10,9,4960,山八,山八,ヤマハチ,(株)山八,特種物業会 / 海老協会,特種物業会（活魚・貝類・高級鮮魚） / 海老協会（活・生鮮・冷凍エビ）,http://www.mt-eight.com/,03-6636-6011、03-6636-6013、03-6636-6015、03-6636-6017、03-6636-6019
3130,0309,10,9,4960,山八,山八,ヤマハチ,(株)山八,特種物業会 / 海老協会,特種物業会（活魚・貝類・高級鮮魚） / 海老協会（活・生鮮・冷凍エビ）,http://www.mt-eight.com/,03-6636-6011、03-6636-6013、03-6636-6015、03-6636-6017、03-6636-6019
3131,0309,10,9,4960,山八,山八,ヤマハチ,(株)山八,特種物業会 / 海老協会,特種物業会（活魚・貝類・高級鮮魚） / 海老協会（活・生鮮・冷凍エビ）,http://www.mt-eight.com/,03-6636-6011、03-6636-6013、03-6636-6015、03-6636-6017、03-6636-6019
3132,0309,10,9,4960,山八,山八,ヤマハチ,(株)山八,特種物業会 / 海老協会,特種物業会（活魚・貝類・高級鮮魚） / 海老協会（活・生鮮・冷凍エビ）,http://www.mt-eight.com/,03-6636-6011、03-6636-6013、03-6636-6015、03-6636-6017、03-6636-6019
3133,0309,10,9,4960,山八,山八,ヤマハチ,(株)山八,特種物業会 / 海老協会,特種物業会（活魚・貝類・高級鮮魚） / 海老協会（活・生鮮・冷凍エビ）,http://www.mt-eight.com/,03-6636-6011、03-6636-6013、03-6636-6015、03-6636-6017、03-6636-6019
3134,0309,10,9,4960,山八,山八,ヤマハチ,(株)山八,特種物業会 / 海老協会,特種物業会（活魚・貝類・高級鮮魚） / 海老協会（活・生鮮・冷凍エビ）,http://www.mt-eight.com/,03-6636-6011、03-6636-6013、03-6636-6015、03-6636-6017、03-6636-6019
3135,0309,10,9,4960,山八,山八,ヤマハチ,(株)山八,特種物業会 / 海老協会,特種物業会（活魚・貝類・高級鮮魚） / 海老協会（活・生鮮・冷凍エビ）,http://www.mt-eight.com/,03-6636-6011、03-6636-6013、03-6636-6015、03-6636-6017、03-6636-6019
3136,0309,10,9,4960,山八,山八,ヤマハチ,(株)山八,特種物業会 / 海老協会,特種物業会（活魚・貝類・高級鮮魚） / 海老協会（活・生鮮・冷凍エビ）,http://www.mt-eight.com/,03-6636-6011、03-6636-6013、03-6636-6015、03-6636-6017、03-6636-6019
3137,0309,10,9,4960,山八,山八,ヤマハチ,(株)山八,特種物業会 / 海老協会,特種物業会（活魚・貝類・高級鮮魚） / 海老協会（活・生鮮・冷凍エビ）,http://www.mt-eight.com/,03-6636-6011、03-6636-6013、03-6636-6015、03-6636-6017、03-6636-6019
3138,0309,10,9,4960,山八,山八,ヤマハチ,(株)山八,特種物業会 / 海老協会,特種物業会（活魚・貝類・高級鮮魚） / 海老協会（活・生鮮・冷凍エビ）,http://www.mt-eight.com/,03-6636-6011、03-6636-6013、03-6636-6015、03-6636-6017、03-6636-6019
3139,0309,10,9,4960,山八,山八,ヤマハチ,(株)山八,特種物業会 / 海老協会,特種物業会（活魚・貝類・高級鮮魚） / 海老協会（活・生鮮・冷凍エビ）,http://www.mt-eight.com/,03-6636-6011、03-6636-6013、03-6636-6015、03-6636-6017、03-6636-6019
3140,0309,10,9,4960,山八,山八,ヤマハチ,(株)山八,特種物業会 / 海老協会,特種物業会（活魚・貝類・高級鮮魚） / 海老協会（活・生鮮・冷凍エビ）,http://www.mt-eight.com/,03-6636-6011、03-6636-6013、03-6636-6015、03-6636-6017、03-6636-6019
3141,0309,10,9,4960,山八,山八,ヤマハチ,(株)山八,特種物業会 / 海老協会,特種物業会（活魚・貝類・高級鮮魚） / 海老協会（活・生鮮・冷凍エビ）,http://www.mt-eight.com/,03-6636-6011、03-6636-6013、03-6636-6015、03-6636-6017、03-6636-6019
3142,0309,10,9,4960,山八,山八,ヤマハチ,(株)山八,特種物業会 / 海老協会,特種物業会（活魚・貝類・高級鮮魚） / 海老協会（活・生鮮・冷凍エビ）,http://www.mt-eight.com/,03-6636-6011、03-6636-6013、03-6636-6015、03-6636-6017、03-6636-6019
3143,0309,10,9,3911,樋泉,樋泉商店,ヒイズミ,(株)樋泉商店,鮮魚業会 / 海老協会,鮮魚業会（鮮魚全般） / 海老協会（活・生鮮・冷凍エビ）,,03-6636-4655
3144,0309,10,9,3911,樋泉,樋泉商店,ヒイズミ,(株)樋泉商店,鮮魚業会 / 海老協会,鮮魚業会（鮮魚全般） / 海老協会（活・生鮮・冷凍エビ）,,03-6636-4655
3145,0309,10,9,3911,樋泉,樋泉商店,ヒイズミ,(株)樋泉商店,鮮魚業会 / 海老協会,鮮魚業会（鮮魚全般） / 海老協会（活・生鮮・冷凍エビ）,,03-6636-4655
3146,0309,10,9,3911,樋泉,樋泉商店,ヒイズミ,(株)樋泉商店,鮮魚業会 / 海老協会,鮮魚業会（鮮魚全般） / 海老協会（活・生鮮・冷凍エビ）,,03-6636-4655
4001,0401,9,1,4944,山治,山治,ヤマハル,(株)山治,特種物業会,特種物業会（活魚・貝類・高級鮮魚）,http://www.yama-haru.jp,03-6636-5180
4002,0401,9,1,4944,山治,山治,ヤマハル,(株)山治,特種物業会,特種物業会（活魚・貝類・高級鮮魚）,http://www.yama-haru.jp,03-6636-5180
4003,0401,9,1,4944,山治,山治,ヤマハル,(株)山治,特種物業会,特種物業会（活魚・貝類・高級鮮魚）,http://www.yama-haru.jp,03-6636-5180
4004,0401,9,1,4944,山治,山治,ヤマハル,(株)山治,特種物業会,特種物業会（活魚・貝類・高級鮮魚）,http://www.yama-haru.jp,03-6636-5180
4005,0401,9,1,1672,川鉄,川鉄,カワテツ,(株)川鉄,特種物業会,特種物業会（活魚・貝類・高級鮮魚）,,03-6633-4901
4006,0401,9,1,1672,川鉄,川鉄,カワテツ,(株)川鉄,特種物業会,特種物業会（活魚・貝類・高級鮮魚）,,03-6633-4901
4007,0401,9,1,1672,川鉄,川鉄,カワテツ,(株)川鉄,特種物業会,特種物業会（活魚・貝類・高級鮮魚）,,03-6633-4901
4008,0401,9,1,1672,川鉄,川鉄,カワテツ,(株)川鉄,特種物業会,特種物業会（活魚・貝類・高級鮮魚）,,03-6633-4901
4009,0401,9,1,1140,石山,石山海産,イシヤマ,石山海産(株),北洋物業会,北洋物業会（鮭鱒・魚卵・冷凍品）,,03-6633-5911
4010,0401,9,1,1140,石山,石山海産,イシヤマ,石山海産(株),北洋物業会,北洋物業会（鮭鱒・魚卵・冷凍品）,,03-6633-5911
4011,0401,9,1,3713,祝繁,祝繁,ノリシゲ,(有)祝繁,特種物業会,特種物業会（活魚・貝類・高級鮮魚）,,03-6633-5111
4012,0401,9,1,3713,祝繁,祝繁,ノリシゲ,(有)祝繁,特種物業会,特種物業会（活魚・貝類・高級鮮魚）,,03-6633-5111
4013,0401,9,1,3713,祝繁,祝繁,ノリシゲ,(有)祝繁,特種物業会,特種物業会（活魚・貝類・高級鮮魚）,,03-6633-5111
4014,0401,9,1,1221,岩兼,岩兼商店,イワカネ,(有)岩兼商店,鮮魚業会,鮮魚業会（鮮魚全般）,,03-6633-4546
4015,0402,9,2,1564,大宮,大宮商店,オオミヤ,(有)大宮商店,大物業会,大物業会（マグロ・カジキ類）,,03-6633-5870
4016,0402,9,2,1564,大宮,大宮商店,オオミヤ,(有)大宮商店,大物業会,大物業会（マグロ・カジキ類）,,03-6633-5870
4017,0402,9,2,1564,大宮,大宮商店,オオミヤ,(有)大宮商店,大物業会,大物業会（マグロ・カジキ類）,,03-6633-5870
4018,0402,9,2,1564,大宮,大宮商店,オオミヤ,(有)大宮商店,大物業会,大物業会（マグロ・カジキ類）,,03-6633-5870
4019,0402,9,2,1564,大宮,大宮商店,オオミヤ,(有)大宮商店,大物業会,大物業会（マグロ・カジキ類）,,03-6633-5870
4020,0402,9,2,1564,大宮,大宮商店,オオミヤ,(有)大宮商店,大物業会,大物業会（マグロ・カジキ類）,,03-6633-5870
4021,0402,9,2,1421,栄光,栄光水産,エイコウ,栄光水産(株),海老協会 / 特種物業会 / 鮮魚業会 / 大物業会,海老協会（活・生鮮・冷凍エビ） / 特種物業会（活魚・貝類・高級鮮魚） / 鮮魚業会（鮮魚全般） / 大物業会（マグロ・カジキ類）,http://www.eikoh-suisan.com/,03-6636-5401、03-6636-5402
4022,0402,9,2,1421,栄光,栄光水産,エイコウ,栄光水産(株),海老協会 / 特種物業会 / 鮮魚業会 / 大物業会,海老協会（活・生鮮・冷凍エビ） / 特種物業会（活魚・貝類・高級鮮魚） / 鮮魚業会（鮮魚全般） / 大物業会（マグロ・カジキ類）,http://www.eikoh-suisan.com/,03-6636-5401、03-6636-5402
4023,0402,9,2,1421,栄光,栄光水産,エイコウ,栄光水産(株),海老協会 / 特種物業会 / 鮮魚業会 / 大物業会,海老協会（活・生鮮・冷凍エビ） / 特種物業会（活魚・貝類・高級鮮魚） / 鮮魚業会（鮮魚全般） / 大物業会（マグロ・カジキ類）,http://www.eikoh-suisan.com/,03-6636-5401、03-6636-5402
4024,0402,9,2,1421,栄光,栄光水産,エイコウ,栄光水産(株),海老協会 / 特種物業会 / 鮮魚業会 / 大物業会,海老協会（活・生鮮・冷凍エビ） / 特種物業会（活魚・貝類・高級鮮魚） / 鮮魚業会（鮮魚全般） / 大物業会（マグロ・カジキ類）,http://www.eikoh-suisan.com/,03-6636-5401、03-6636-5402
4025,0402,9,2,1421,栄光,栄光水産,エイコウ,栄光水産(株),海老協会 / 特種物業会 / 鮮魚業会 / 大物業会,海老協会（活・生鮮・冷凍エビ） / 特種物業会（活魚・貝類・高級鮮魚） / 鮮魚業会（鮮魚全般） / 大物業会（マグロ・カジキ類）,http://www.eikoh-suisan.com/,03-6636-5401、03-6636-5402
4026,0402,9,2,1421,栄光,栄光水産,エイコウ,栄光水産(株),海老協会 / 特種物業会 / 鮮魚業会 / 大物業会,海老協会（活・生鮮・冷凍エビ） / 特種物業会（活魚・貝類・高級鮮魚） / 鮮魚業会（鮮魚全般） / 大物業会（マグロ・カジキ類）,http://www.eikoh-suisan.com/,03-6636-5401、03-6636-5402
4027,0402,9,2,1421,栄光,栄光水産,エイコウ,栄光水産(株),海老協会 / 特種物業会 / 鮮魚業会 / 大物業会,海老協会（活・生鮮・冷凍エビ） / 特種物業会（活魚・貝類・高級鮮魚） / 鮮魚業会（鮮魚全般） / 大物業会（マグロ・カジキ類）,http://www.eikoh-suisan.com/,03-6636-5401、03-6636-5402
4028,0402,9,2,1421,栄光,栄光水産,エイコウ,栄光水産(株),海老協会 / 特種物業会 / 鮮魚業会 / 大物業会,海老協会（活・生鮮・冷凍エビ） / 特種物業会（活魚・貝類・高級鮮魚） / 鮮魚業会（鮮魚全般） / 大物業会（マグロ・カジキ類）,http://www.eikoh-suisan.com/,03-6636-5401、03-6636-5402
4029,0402,9,2,1421,栄光,栄光水産,エイコウ,栄光水産(株),海老協会 / 特種物業会 / 鮮魚業会 / 大物業会,海老協会（活・生鮮・冷凍エビ） / 特種物業会（活魚・貝類・高級鮮魚） / 鮮魚業会（鮮魚全般） / 大物業会（マグロ・カジキ類）,http://www.eikoh-suisan.com/,03-6636-5401、03-6636-5402
4030,0402,9,2,1421,栄光,栄光水産,エイコウ,栄光水産(株),海老協会 / 特種物業会 / 鮮魚業会 / 大物業会,海老協会（活・生鮮・冷凍エビ） / 特種物業会（活魚・貝類・高級鮮魚） / 鮮魚業会（鮮魚全般） / 大物業会（マグロ・カジキ類）,http://www.eikoh-suisan.com/,03-6636-5401、03-6636-5402
4031,0403,9,3,3821,萩原,萩原商店,ハギワラ,(株)萩原商店,大物業会,大物業会（マグロ・カジキ類）,,03-6636-5311
4032,0403,9,3,3821,萩原,萩原商店,ハギワラ,(株)萩原商店,大物業会,大物業会（マグロ・カジキ類）,,03-6636-5311
4033,0403,9,3,1814,北田本店,丸北水産,キタダホンテン,丸北水産(株),北洋物業会,北洋物業会（鮭鱒・魚卵・冷凍品）,,03-3520-8110
4034,0403,9,3,1814,北田本店,丸北水産,キタダホンテン,丸北水産(株),北洋物業会,北洋物業会（鮭鱒・魚卵・冷凍品）,,03-3520-8110
4035,0403,9,3,1814,北田本店,丸北水産,キタダホンテン,丸北水産(株),北洋物業会,北洋物業会（鮭鱒・魚卵・冷凍品）,,03-3520-8110
4036,0403,9,3,1814,北田本店,丸北水産,キタダホンテン,丸北水産(株),北洋物業会,北洋物業会（鮭鱒・魚卵・冷凍品）,,03-3520-8110
4037,0403,9,3,3252,登くら,登くら,トクラ,(有)登くら,大物業会,大物業会（マグロ・カジキ類）,,03-6633-4330
4038,0403,9,3,2812,大辰魚類,大辰魚類,ダイタツギョルイ,大辰魚類(株),鮮魚業会 / 大物業会,鮮魚業会（鮮魚全般） / 大物業会（マグロ・カジキ類）,http://www.daitatsugyorui.com/,03-6633-4480
4039,0403,9,3,2812,大辰魚類,大辰魚類,ダイタツギョルイ,大辰魚類(株),鮮魚業会 / 大物業会,鮮魚業会（鮮魚全般） / 大物業会（マグロ・カジキ類）,http://www.daitatsugyorui.com/,03-6633-4480
4040,0403,9,3,2812,大辰魚類,大辰魚類,ダイタツギョルイ,大辰魚類(株),鮮魚業会 / 大物業会,鮮魚業会（鮮魚全般） / 大物業会（マグロ・カジキ類）,http://www.daitatsugyorui.com/,03-6633-4480
4041,0403,9,3,2812,大辰魚類,大辰魚類,ダイタツギョルイ,大辰魚類(株),鮮魚業会 / 大物業会,鮮魚業会（鮮魚全般） / 大物業会（マグロ・カジキ類）,http://www.daitatsugyorui.com/,03-6633-4480
4042,0403,9,3,2812,大辰魚類,大辰魚類,ダイタツギョルイ,大辰魚類(株),鮮魚業会 / 大物業会,鮮魚業会（鮮魚全般） / 大物業会（マグロ・カジキ類）,http://www.daitatsugyorui.com/,03-6633-4480
4043,0403,9,3,2812,大辰魚類,大辰魚類,ダイタツギョルイ,大辰魚類(株),鮮魚業会 / 大物業会,鮮魚業会（鮮魚全般） / 大物業会（マグロ・カジキ類）,http://www.daitatsugyorui.com/,03-6633-4480
4044,0403,9,3,2812,大辰魚類,大辰魚類,ダイタツギョルイ,大辰魚類(株),鮮魚業会 / 大物業会,鮮魚業会（鮮魚全般） / 大物業会（マグロ・カジキ類）,http://www.daitatsugyorui.com/,03-6633-4480
4045,0403,9,3,4017,富久屋,富久屋,フクヤ,(株)富久屋,煉・加工品業会,煉・加工品業会（煉製品・おでん・惣菜）,https://www.fukuya-group.co.jp/,
4046,0403,9,3,2764,大米,大米,ダイヨネ,(株)大米,鮮魚業会,鮮魚業会（鮮魚全般）,,03-6633-5933
4055,0404,9,4,5312,鷲健,鷲健,ワシケン,(有)鷲健,煉・加工品業会,煉・加工品業会（煉製品・おでん・惣菜）,,03-6633-5897
4056,0404,9,4,5312,鷲健,鷲健,ワシケン,(有)鷲健,煉・加工品業会,煉・加工品業会（煉製品・おでん・惣菜）,,03-6633-5897
4057,0404,9,4,1320,内長,内長,ウチチョウ,(株)内長,合物業会 / 佃和会,合物業会（干物・魚漬け・加工品） / 佃和会（佃煮・惣菜・珍味）,https://www.uchicho.co.jp,03-6633-4133
4058,0404,9,4,1320,内長,内長,ウチチョウ,(株)内長,合物業会 / 佃和会,合物業会（干物・魚漬け・加工品） / 佃和会（佃煮・惣菜・珍味）,https://www.uchicho.co.jp,03-6633-4133
4059,0404,9,4,1320,内長,内長,ウチチョウ,(株)内長,合物業会 / 佃和会,合物業会（干物・魚漬け・加工品） / 佃和会（佃煮・惣菜・珍味）,https://www.uchicho.co.jp,03-6633-4133
4060,0404,9,4,1320,内長,内長,ウチチョウ,(株)内長,合物業会 / 佃和会,合物業会（干物・魚漬け・加工品） / 佃和会（佃煮・惣菜・珍味）,https://www.uchicho.co.jp,03-6633-4133
4061,0404,9,4,1320,内長,内長,ウチチョウ,(株)内長,合物業会 / 佃和会,合物業会（干物・魚漬け・加工品） / 佃和会（佃煮・惣菜・珍味）,https://www.uchicho.co.jp,03-6633-4133
4062,0404,9,4,1320,内長,内長,ウチチョウ,(株)内長,合物業会 / 佃和会,合物業会（干物・魚漬け・加工品） / 佃和会（佃煮・惣菜・珍味）,https://www.uchicho.co.jp,03-6633-4133
4063,0405,9,5,1688,カネフジ,カネフジ,カネフジ,(株)カネフジ,無所属,無所属,http://fujitasuisan.tokyo/,03-6633-9724
4064,0405,9,5,1688,カネフジ,カネフジ,カネフジ,(株)カネフジ,無所属,無所属,http://fujitasuisan.tokyo/,03-6633-9724
4065,0405,9,5,1688,カネフジ,カネフジ,カネフジ,(株)カネフジ,無所属,無所属,http://fujitasuisan.tokyo/,03-6633-9724
4066,0405,9,5,1688,カネフジ,カネフジ,カネフジ,(株)カネフジ,無所属,無所属,http://fujitasuisan.tokyo/,03-6633-9724
4067,0405,9,5,4550,宮商,,ミヤショウ,,無所属,無所属,,
4068,0405,9,5,2786,大正,大正商店,タイショウ,(有)大正商店,大物業会,大物業会（マグロ・カジキ類）,,090-4601-0391
4069,0405,9,5,1070,青田,海XSIA青田,アオタ,(株)海XSIA青田,無所属,無所属,,03-6633-5003
4070,0405,9,5,1070,青田,海XSIA青田,アオタ,(株)海XSIA青田,無所属,無所属,,03-6633-5003
4071,0405,9,5,3329,中松物産,中松物産,ナカマツブッサン,中松物産(株),北洋物業会,北洋物業会（鮭鱒・魚卵・冷凍品）,,03-6633-0216
4072,0405,9,5,3329,中松物産,中松物産,ナカマツブッサン,中松物産(株),北洋物業会,北洋物業会（鮭鱒・魚卵・冷凍品）,,03-6633-0216
4073,0405,9,5,3329,中松物産,中松物産,ナカマツブッサン,中松物産(株),北洋物業会,北洋物業会（鮭鱒・魚卵・冷凍品）,,03-6633-0216
4074,0405,9,5,3329,中松物産,中松物産,ナカマツブッサン,中松物産(株),北洋物業会,北洋物業会（鮭鱒・魚卵・冷凍品）,,03-6633-0216
4075,0405,9,5,2298,さいろく,鰓六水産,サイロク,鰓六水産(株),大物業会,大物業会（マグロ・カジキ類）,,03-6633-5316
4076,0405,9,5,2298,さいろく,鰓六水産,サイロク,鰓六水産(株),大物業会,大物業会（マグロ・カジキ類）,,03-6633-5316
4077,0405,9,5,3084,築地魚星,築地魚星,ツキジウオセイ,(株)築地魚星,無所属,無所属,,03-6633-5528
4078,0405,9,5,3084,築地魚星,築地魚星,ツキジウオセイ,(株)築地魚星,無所属,無所属,,03-6633-5528
4079,0406,9,6,4022,伏梅,伏梅商店,フシウメ,(有)伏梅商店,特種物業会,特種物業会（活魚・貝類・高級鮮魚）,,03-6633-4589
4080,0406,9,6,2739,大花,大花,ダイハナ,(有)大花,大物業会,大物業会（マグロ・カジキ類）,,03-6633-5110
4081,0406,9,6,2739,大花,大花,ダイハナ,(有)大花,大物業会,大物業会（マグロ・カジキ類）,,03-6633-5110
4082,0406,9,6,2739,大花,大花,ダイハナ,(有)大花,大物業会,大物業会（マグロ・カジキ類）,,03-6633-5110
4083,0406,9,6,2907,髙徳,髙徳,タカトク,(有)髙徳,鮮魚業会,鮮魚業会（鮮魚全般）,,03-6633-4136
4084,0406,9,6,2907,髙徳,髙徳,タカトク,(有)髙徳,鮮魚業会,鮮魚業会（鮮魚全般）,,03-6633-4136
4085,0406,9,6,4310,前川,前川,マエカワ,(株)前川,無所属,無所属,,03-6633-5836
4086,0406,9,6,4310,前川,前川,マエカワ,(株)前川,無所属,無所属,,03-6633-5836
4087,0406,9,6,2796,大善,大善,ダイゼン,(株)大善,大物業会,大物業会（マグロ・カジキ類）,https://maguro-daizen.com/,03-6633-5050
4088,0406,9,6,2796,大善,大善,ダイゼン,(株)大善,大物業会,大物業会（マグロ・カジキ類）,https://maguro-daizen.com/,03-6633-5050
4089,0406,9,6,2796,大善,大善,ダイゼン,(株)大善,大物業会,大物業会（マグロ・カジキ類）,https://maguro-daizen.com/,03-6633-5050
4090,0406,9,6,3341,長野水産,長野水産,ナガノスイサン,(有)長野水産,特種物業会,特種物業会（活魚・貝類・高級鮮魚）,,03-6633-4007
4091,0406,9,6,3341,長野水産,長野水産,ナガノスイサン,(有)長野水産,特種物業会,特種物業会（活魚・貝類・高級鮮魚）,,03-6633-4007
4092,0406,9,6,3341,長野水産,長野水産,ナガノスイサン,(有)長野水産,特種物業会,特種物業会（活魚・貝類・高級鮮魚）,,03-6633-4007
4093,0406,9,6,4020,伏新,伏新,フシシン,(有)伏新,淡水魚組合 / 特種物業会,淡水魚組合（ウナギ・ドジョウ・鯉） / 特種物業会（活魚・貝類・高級鮮魚）,,03-6633-4042
4094,0406,9,6,4020,伏新,伏新,フシシン,(有)伏新,淡水魚組合 / 特種物業会,淡水魚組合（ウナギ・ドジョウ・鯉） / 特種物業会（活魚・貝類・高級鮮魚）,,03-6633-4042
4103,0407,9,7,4374,丸豊,丸豊商店,マルトヨ,(株)丸豊商店,特種物業会,特種物業会（活魚・貝類・高級鮮魚）,,03-6633-5137
4104,0407,9,7,4374,丸豊,丸豊商店,マルトヨ,(株)丸豊商店,特種物業会,特種物業会（活魚・貝類・高級鮮魚）,,03-6633-5137
4105,0407,9,7,4374,丸豊,丸豊商店,マルトヨ,(株)丸豊商店,特種物業会,特種物業会（活魚・貝類・高級鮮魚）,,03-6633-5137
4106,0407,9,7,2297,三みつや,三みつや,サンミツヤ,(有)三みつや,無所属,無所属,,03-3542-3280
4107,0407,9,7,4476,マル雅,マル雅,マルマサ,(有)マル雅,無所属,無所属,,03-6633-5021
4108,0407,9,7,2291,桜井三善,櫻井三善水産,サクライサンゼン,(株)櫻井三善水産,特種物業会,特種物業会（活魚・貝類・高級鮮魚）,,03-6633-4126
4109,0407,9,7,2291,桜井三善,櫻井三善水産,サクライサンゼン,(株)櫻井三善水産,特種物業会,特種物業会（活魚・貝類・高級鮮魚）,,03-6633-4126
4110,0407,9,7,2291,桜井三善,櫻井三善水産,サクライサンゼン,(株)櫻井三善水産,特種物業会,特種物業会（活魚・貝類・高級鮮魚）,,03-6633-4126
4111,0408,9,8,2149,米恵,米恵,コメケイ,(有)米恵,大物業会,大物業会（マグロ・カジキ類）,,03-6633-5683
4112,0408,9,8,2149,米恵,米恵,コメケイ,(有)米恵,大物業会,大物業会（マグロ・カジキ類）,,03-6633-5683
4113,0408,9,8,1845,協伸,協伸,キョウシン,(有)協伸,特種物業会,特種物業会（活魚・貝類・高級鮮魚）,,03-6633-4344
4114,0408,9,8,1845,協伸,協伸,キョウシン,(有)協伸,特種物業会,特種物業会（活魚・貝類・高級鮮魚）,,03-6633-4344
4115,0408,9,8,4482,眞島,眞島,マジマ,(株)眞島,無所属,無所属,,03-6633-5120
4116,0408,9,8,4482,眞島,眞島,マジマ,(株)眞島,無所属,無所属,,03-6633-5120
4117,0408,9,8,3215,富久,富久商店,トミキュウ,(有)富久商店,無所属,無所属,,03-6633-7997
4118,0408,9,8,4042,藤田,フジタ水産,フジタ,(株)フジタ水産,大物業会,大物業会（マグロ・カジキ類）,,03-6633-3717
4119,0408,9,8,2414,寿賀半,寿賀半,スカハン,(有)寿賀半,鮮魚業会,鮮魚業会（鮮魚全般）,,03-6633-5930
4120,0408,9,8,5125,芳三淡水,芳三淡水,ヨシミタンスイ,(株)芳三淡水,淡水魚組合,淡水魚組合（ウナギ・ドジョウ・鯉）,,03-6633-4077
4121,0408,9,8,4046,藤森,藤森,フジモリ,(有)藤森,鮮魚業会,鮮魚業会（鮮魚全般）,,03-6633-5210
4122,0408,9,8,4046,藤森,藤森,フジモリ,(有)藤森,鮮魚業会,鮮魚業会（鮮魚全般）,,03-6633-5210
4123,0408,9,8,4046,藤森,藤森,フジモリ,(有)藤森,鮮魚業会,鮮魚業会（鮮魚全般）,,03-6633-5210
4124,0408,9,8,1537,尾道,尾道商店,オミチ,(有)尾道商店,特種物業会,特種物業会（活魚・貝類・高級鮮魚）,,03-6633-5980
4125,0408,9,8,1537,尾道,尾道商店,オミチ,(有)尾道商店,特種物業会,特種物業会（活魚・貝類・高級鮮魚）,,03-6633-5980
4126,0408,9,8,1537,尾道,尾道商店,オミチ,(有)尾道商店,特種物業会,特種物業会（活魚・貝類・高級鮮魚）,,03-6633-5980
4127,0409,9,9,4612,村清,ヤマセ村清,ムラセイ,(株)ヤマセ村清,塩干魚業会 / 北洋物業会,塩干魚業会（シラス・乾物・珍味） / 北洋物業会（鮭鱒・魚卵・冷凍品）,http://www.murasei.com,03-6633-5921
4128,0409,9,9,4612,村清,ヤマセ村清,ムラセイ,(株)ヤマセ村清,塩干魚業会 / 北洋物業会,塩干魚業会（シラス・乾物・珍味） / 北洋物業会（鮭鱒・魚卵・冷凍品）,http://www.murasei.com,03-6633-5921
4129,0409,9,9,4612,村清,ヤマセ村清,ムラセイ,(株)ヤマセ村清,塩干魚業会 / 北洋物業会,塩干魚業会（シラス・乾物・珍味） / 北洋物業会（鮭鱒・魚卵・冷凍品）,http://www.murasei.com,03-6633-5921
4130,0409,9,9,4612,村清,ヤマセ村清,ムラセイ,(株)ヤマセ村清,塩干魚業会 / 北洋物業会,塩干魚業会（シラス・乾物・珍味） / 北洋物業会（鮭鱒・魚卵・冷凍品）,http://www.murasei.com,03-6633-5921
4131,0409,9,9,4612,村清,ヤマセ村清,ムラセイ,(株)ヤマセ村清,塩干魚業会 / 北洋物業会,塩干魚業会（シラス・乾物・珍味） / 北洋物業会（鮭鱒・魚卵・冷凍品）,http://www.murasei.com,03-6633-5921
4132,0409,9,9,4612,村清,ヤマセ村清,ムラセイ,(株)ヤマセ村清,塩干魚業会 / 北洋物業会,塩干魚業会（シラス・乾物・珍味） / 北洋物業会（鮭鱒・魚卵・冷凍品）,http://www.murasei.com,03-6633-5921
4133,0409,9,9,2240,堺周,堺周商店,サカシュウ,(株)堺周商店,鮮魚業会 / 大物業会 / 特種物業会,鮮魚業会（鮮魚全般） / 大物業会（マグロ・カジキ類） / 特種物業会（活魚・貝類・高級鮮魚）,http://www.sakasyu.com,03-5144-5750
4134,0409,9,9,2240,堺周,堺周商店,サカシュウ,(株)堺周商店,鮮魚業会 / 大物業会 / 特種物業会,鮮魚業会（鮮魚全般） / 大物業会（マグロ・カジキ類） / 特種物業会（活魚・貝類・高級鮮魚）,http://www.sakasyu.com,03-5144-5750
4135,0409,9,9,2240,堺周,堺周商店,サカシュウ,(株)堺周商店,鮮魚業会 / 大物業会 / 特種物業会,鮮魚業会（鮮魚全般） / 大物業会（マグロ・カジキ類） / 特種物業会（活魚・貝類・高級鮮魚）,http://www.sakasyu.com,03-5144-5750
4136,0409,9,9,2240,堺周,堺周商店,サカシュウ,(株)堺周商店,鮮魚業会 / 大物業会 / 特種物業会,鮮魚業会（鮮魚全般） / 大物業会（マグロ・カジキ類） / 特種物業会（活魚・貝類・高級鮮魚）,http://www.sakasyu.com,03-5144-5750
4137,0409,9,9,2240,堺周,堺周商店,サカシュウ,(株)堺周商店,鮮魚業会 / 大物業会 / 特種物業会,鮮魚業会（鮮魚全般） / 大物業会（マグロ・カジキ類） / 特種物業会（活魚・貝類・高級鮮魚）,http://www.sakasyu.com,03-5144-5750
4138,0409,9,9,2240,堺周,堺周商店,サカシュウ,(株)堺周商店,鮮魚業会 / 大物業会 / 特種物業会,鮮魚業会（鮮魚全般） / 大物業会（マグロ・カジキ類） / 特種物業会（活魚・貝類・高級鮮魚）,http://www.sakasyu.com,03-5144-5750
4139,0409,9,9,2240,堺周,堺周商店,サカシュウ,(株)堺周商店,鮮魚業会 / 大物業会 / 特種物業会,鮮魚業会（鮮魚全般） / 大物業会（マグロ・カジキ類） / 特種物業会（活魚・貝類・高級鮮魚）,http://www.sakasyu.com,03-5144-5750
4140,0409,9,9,2240,堺周,堺周商店,サカシュウ,(株)堺周商店,鮮魚業会 / 大物業会 / 特種物業会,鮮魚業会（鮮魚全般） / 大物業会（マグロ・カジキ類） / 特種物業会（活魚・貝類・高級鮮魚）,http://www.sakasyu.com,03-5144-5750
4141,0409,9,9,2240,堺周,堺周商店,サカシュウ,(株)堺周商店,鮮魚業会 / 大物業会 / 特種物業会,鮮魚業会（鮮魚全般） / 大物業会（マグロ・カジキ類） / 特種物業会（活魚・貝類・高級鮮魚）,http://www.sakasyu.com,03-5144-5750
4142,0409,9,9,2240,堺周,堺周商店,サカシュウ,(株)堺周商店,鮮魚業会 / 大物業会 / 特種物業会,鮮魚業会（鮮魚全般） / 大物業会（マグロ・カジキ類） / 特種物業会（活魚・貝類・高級鮮魚）,http://www.sakasyu.com,03-5144-5750
4143,0409,9,9,2240,堺周,堺周商店,サカシュウ,(株)堺周商店,鮮魚業会 / 大物業会 / 特種物業会,鮮魚業会（鮮魚全般） / 大物業会（マグロ・カジキ類） / 特種物業会（活魚・貝類・高級鮮魚）,http://www.sakasyu.com,03-5144-5750
4144,0409,9,9,2240,堺周,堺周商店,サカシュウ,(株)堺周商店,鮮魚業会 / 大物業会 / 特種物業会,鮮魚業会（鮮魚全般） / 大物業会（マグロ・カジキ類） / 特種物業会（活魚・貝類・高級鮮魚）,http://www.sakasyu.com,03-5144-5750
4145,0409,9,9,2240,堺周,堺周商店,サカシュウ,(株)堺周商店,鮮魚業会 / 大物業会 / 特種物業会,鮮魚業会（鮮魚全般） / 大物業会（マグロ・カジキ類） / 特種物業会（活魚・貝類・高級鮮魚）,http://www.sakasyu.com,03-5144-5750
4146,0409,9,9,2240,堺周,堺周商店,サカシュウ,(株)堺周商店,鮮魚業会 / 大物業会 / 特種物業会,鮮魚業会（鮮魚全般） / 大物業会（マグロ・カジキ類） / 特種物業会（活魚・貝類・高級鮮魚）,http://www.sakasyu.com,03-5144-5750
5001,0501,8,1,1573,尾本,尾本水産,オモト,(有)尾本水産,大物業会,大物業会（マグロ・カジキ類）,,03-6633-5777
5002,0501,8,1,1573,尾本,尾本水産,オモト,(有)尾本水産,大物業会,大物業会（マグロ・カジキ類）,,03-6633-5777
5003,0501,8,1,4028,伏健,伏健,フシケン,(株)伏健,煉・加工品業会,煉・加工品業会（煉製品・おでん・惣菜）,,03-6633-4810
5004,0501,8,1,4028,伏健,伏健,フシケン,(株)伏健,煉・加工品業会,煉・加工品業会（煉製品・おでん・惣菜）,,03-6633-4810
5005,0501,8,1,2138,米銀,米銀,コメギン,(株)米銀,特種物業会 / 鮮魚業会,特種物業会（活魚・貝類・高級鮮魚） / 鮮魚業会（鮮魚全般）,,03-6633-4166
5006,0501,8,1,2138,米銀,米銀,コメギン,(株)米銀,特種物業会 / 鮮魚業会,特種物業会（活魚・貝類・高級鮮魚） / 鮮魚業会（鮮魚全般）,,03-6633-4166
5007,0501,8,1,2138,米銀,米銀,コメギン,(株)米銀,特種物業会 / 鮮魚業会,特種物業会（活魚・貝類・高級鮮魚） / 鮮魚業会（鮮魚全般）,,03-6633-4166
5008,0501,8,1,2138,米銀,米銀,コメギン,(株)米銀,特種物業会 / 鮮魚業会,特種物業会（活魚・貝類・高級鮮魚） / 鮮魚業会（鮮魚全般）,,03-6633-4166
5009,0501,8,1,2138,米銀,米銀,コメギン,(株)米銀,特種物業会 / 鮮魚業会,特種物業会（活魚・貝類・高級鮮魚） / 鮮魚業会（鮮魚全般）,,03-6633-4166
5010,0501,8,1,2138,米銀,米銀,コメギン,(株)米銀,特種物業会 / 鮮魚業会,特種物業会（活魚・貝類・高級鮮魚） / 鮮魚業会（鮮魚全般）,,03-6633-4166
5011,0501,8,1,1698,勝元,勝元,カツモト,(株)勝元,大物業会,大物業会（マグロ・カジキ類）,,03-6633-5840
5012,0501,8,1,1698,勝元,勝元,カツモト,(株)勝元,大物業会,大物業会（マグロ・カジキ類）,,03-6633-5840
5013,0501,8,1,1698,勝元,勝元,カツモト,(株)勝元,大物業会,大物業会（マグロ・カジキ類）,,03-6633-5840
5014,0501,8,1,2155,洸峰,洸峰,コウホウ,(株)洸峰,大物業会,大物業会（マグロ・カジキ類）,,03-6633-5517、03-6633-5518
5015,0502,8,2,4467,丸勝,丸勝,マルカツ,(株)丸勝,特種物業会,特種物業会（活魚・貝類・高級鮮魚）,,03-6633-5678
5016,0502,8,2,4467,丸勝,丸勝,マルカツ,(株)丸勝,特種物業会,特種物業会（活魚・貝類・高級鮮魚）,,03-6633-5678
5017,0502,8,2,4467,丸勝,丸勝,マルカツ,(株)丸勝,特種物業会,特種物業会（活魚・貝類・高級鮮魚）,,03-6633-5678
5018,0502,8,2,4467,丸勝,丸勝,マルカツ,(株)丸勝,特種物業会,特種物業会（活魚・貝類・高級鮮魚）,,03-6633-5678
5019,0502,8,2,2259,三京,三京,サンキョウ,(有)三京,無所属,無所属,,
5020,0502,8,2,2259,三京,三京,サンキョウ,(有)三京,無所属,無所属,,
5021,0502,8,2,2766,大力,大力商店,ダイリキ,(株)大力商店,特種物業会,特種物業会（活魚・貝類・高級鮮魚）,,03-5547-0080、03-5547-0081
5022,0502,8,2,2766,大力,大力商店,ダイリキ,(株)大力商店,特種物業会,特種物業会（活魚・貝類・高級鮮魚）,,03-5547-0080、03-5547-0081
5023,0502,8,2,2766,大力,大力商店,ダイリキ,(株)大力商店,特種物業会,特種物業会（活魚・貝類・高級鮮魚）,,03-5547-0080、03-5547-0081
5024,0502,8,2,2766,大力,大力商店,ダイリキ,(株)大力商店,特種物業会,特種物業会（活魚・貝類・高級鮮魚）,,03-5547-0080、03-5547-0081
5025,0502,8,2,2766,大力,大力商店,ダイリキ,(株)大力商店,特種物業会,特種物業会（活魚・貝類・高級鮮魚）,,03-5547-0080、03-5547-0081
5026,0502,8,2,3080,築地大谷,築地大谷,ツキジオオタニ,(株)築地大谷,特種物業会,特種物業会（活魚・貝類・高級鮮魚）,,03-6633-5587
5027,0502,8,2,1690,亀福,亀福,カメフク,(株)亀福,海老協会,海老協会（活・生鮮・冷凍エビ）,,03-6633-5810
5028,0502,8,2,1690,亀福,亀福,カメフク,(株)亀福,海老協会,海老協会（活・生鮮・冷凍エビ）,,03-6633-5810
5029,0502,8,2,1690,亀福,亀福,カメフク,(株)亀福,海老協会,海老協会（活・生鮮・冷凍エビ）,,03-6633-5810
5030,0502,8,2,1690,亀福,亀福,カメフク,(株)亀福,海老協会,海老協会（活・生鮮・冷凍エビ）,,03-6633-5810
5031,0503,8,3,1840,キタニ水産,キタニ水産,キタニスイサン,(株)キタニ水産,大物業会,大物業会（マグロ・カジキ類）,http://kitani-suisan.com/,03-6633-5065、03-6633-5066
5032,0503,8,3,1840,キタニ水産,キタニ水産,キタニスイサン,(株)キタニ水産,大物業会,大物業会（マグロ・カジキ類）,http://kitani-suisan.com/,03-6633-5065、03-6633-5066
5033,0503,8,3,1840,キタニ水産,キタニ水産,キタニスイサン,(株)キタニ水産,大物業会,大物業会（マグロ・カジキ類）,http://kitani-suisan.com/,03-6633-5065、03-6633-5066
5034,0503,8,3,1840,キタニ水産,キタニ水産,キタニスイサン,(株)キタニ水産,大物業会,大物業会（マグロ・カジキ類）,http://kitani-suisan.com/,03-6633-5065、03-6633-5066
5035,0503,8,3,1840,キタニ水産,キタニ水産,キタニスイサン,(株)キタニ水産,大物業会,大物業会（マグロ・カジキ類）,http://kitani-suisan.com/,03-6633-5065、03-6633-5066
5036,0503,8,3,1840,キタニ水産,キタニ水産,キタニスイサン,(株)キタニ水産,大物業会,大物業会（マグロ・カジキ類）,http://kitani-suisan.com/,03-6633-5065、03-6633-5066
5037,0503,8,3,4927,山卯,山卯商店,ヤマウ,(有)山卯商店,大物業会,大物業会（マグロ・カジキ類）,,03-6633-5268
5038,0503,8,3,4927,山卯,山卯商店,ヤマウ,(有)山卯商店,大物業会,大物業会（マグロ・カジキ類）,,03-6633-5268
5039,0503,8,3,1143,伊勢栄,伊勢栄,イセエイ,(有)伊勢栄,大物業会,大物業会（マグロ・カジキ類）,,03-6633-5593
5040,0503,8,3,1143,伊勢栄,伊勢栄,イセエイ,(有)伊勢栄,大物業会,大物業会（マグロ・カジキ類）,,03-6633-5593
5041,0503,8,3,1696,皆栄,皆栄,カイエイ,(株)皆栄,特種物業会,特種物業会（活魚・貝類・高級鮮魚）,,03-6633-5430
5042,0503,8,3,1696,皆栄,皆栄,カイエイ,(株)皆栄,特種物業会,特種物業会（活魚・貝類・高級鮮魚）,,03-6633-5430
5043,0503,8,3,1696,皆栄,皆栄,カイエイ,(株)皆栄,特種物業会,特種物業会（活魚・貝類・高級鮮魚）,,03-6633-5430
5044,0503,8,3,1696,皆栄,皆栄,カイエイ,(株)皆栄,特種物業会,特種物業会（活魚・貝類・高級鮮魚）,,03-6633-5430
5045,0503,8,3,1696,皆栄,皆栄,カイエイ,(株)皆栄,特種物業会,特種物業会（活魚・貝類・高級鮮魚）,,03-6633-5430
5046,0503,8,3,1696,皆栄,皆栄,カイエイ,(株)皆栄,特種物業会,特種物業会（活魚・貝類・高級鮮魚）,,03-6633-5430
5047,0504,8,4,3326,中彦,中彦,ナカヒコ,(株)中彦,塩干魚業会 / 北洋物業会,塩干魚業会（シラス・乾物・珍味） / 北洋物業会（鮭鱒・魚卵・冷凍品）,,03-6633-5000
5048,0504,8,4,3326,中彦,中彦,ナカヒコ,(株)中彦,塩干魚業会 / 北洋物業会,塩干魚業会（シラス・乾物・珍味） / 北洋物業会（鮭鱒・魚卵・冷凍品）,,03-6633-5000
5049,0504,8,4,3326,中彦,中彦,ナカヒコ,(株)中彦,塩干魚業会 / 北洋物業会,塩干魚業会（シラス・乾物・珍味） / 北洋物業会（鮭鱒・魚卵・冷凍品）,,03-6633-5000
5050,0504,8,4,3326,中彦,中彦,ナカヒコ,(株)中彦,塩干魚業会 / 北洋物業会,塩干魚業会（シラス・乾物・珍味） / 北洋物業会（鮭鱒・魚卵・冷凍品）,,03-6633-5000
5051,0504,8,4,1667,亀和,亀和商店,カメワ,(株)亀和商店,特種物業会 / 鮮魚業会,特種物業会（活魚・貝類・高級鮮魚） / 鮮魚業会（鮮魚全般）,http://www.kamewa.co.jp,03-3520-8087
5052,0504,8,4,1667,亀和,亀和商店,カメワ,(株)亀和商店,特種物業会 / 鮮魚業会,特種物業会（活魚・貝類・高級鮮魚） / 鮮魚業会（鮮魚全般）,http://www.kamewa.co.jp,03-3520-8087
5053,0504,8,4,1667,亀和,亀和商店,カメワ,(株)亀和商店,特種物業会 / 鮮魚業会,特種物業会（活魚・貝類・高級鮮魚） / 鮮魚業会（鮮魚全般）,http://www.kamewa.co.jp,03-3520-8087
5054,0504,8,4,1667,亀和,亀和商店,カメワ,(株)亀和商店,特種物業会 / 鮮魚業会,特種物業会（活魚・貝類・高級鮮魚） / 鮮魚業会（鮮魚全般）,http://www.kamewa.co.jp,03-3520-8087
5055,0504,8,4,1667,亀和,亀和商店,カメワ,(株)亀和商店,特種物業会 / 鮮魚業会,特種物業会（活魚・貝類・高級鮮魚） / 鮮魚業会（鮮魚全般）,http://www.kamewa.co.jp,03-3520-8087
5056,0504,8,4,1667,亀和,亀和商店,カメワ,(株)亀和商店,特種物業会 / 鮮魚業会,特種物業会（活魚・貝類・高級鮮魚） / 鮮魚業会（鮮魚全般）,http://www.kamewa.co.jp,03-3520-8087
5057,0504,8,4,1667,亀和,亀和商店,カメワ,(株)亀和商店,特種物業会 / 鮮魚業会,特種物業会（活魚・貝類・高級鮮魚） / 鮮魚業会（鮮魚全般）,http://www.kamewa.co.jp,03-3520-8087
5058,0504,8,4,5327,和田分,和田分,ワダブン,(株)和田分,無所属,無所属,http://www.wataru-j.com/,03-6633-5011
5059,0504,8,4,2279,三益,三益,サンマス,(株)三益,大物業会,大物業会（マグロ・カジキ類）,,03-6633-4450
5060,0504,8,4,1158,伊勢豊,,イセトヨ,,大物業会,大物業会（マグロ・カジキ類）,,03-6633-5978
5061,0504,8,4,2909,大秀,大秀,ダイヒデ,(株)大秀,大物業会,大物業会（マグロ・カジキ類）,http://www.daihide.jp,03-6633-4934
5062,0504,8,4,2909,大秀,大秀,ダイヒデ,(株)大秀,大物業会,大物業会（マグロ・カジキ類）,http://www.daihide.jp,03-6633-4934
5079,0506,8,6,3839,八海,八海,ハッカイ,(株)八海,特種物業会,特種物業会（活魚・貝類・高級鮮魚）,,03-6633-4122
5080,0506,8,6,3839,八海,八海,ハッカイ,(株)八海,特種物業会,特種物業会（活魚・貝類・高級鮮魚）,,03-6633-4122
5081,0506,8,6,3839,八海,八海,ハッカイ,(株)八海,特種物業会,特種物業会（活魚・貝類・高級鮮魚）,,03-6633-4122
5082,0506,8,6,3839,八海,八海,ハッカイ,(株)八海,特種物業会,特種物業会（活魚・貝類・高級鮮魚）,,03-6633-4122
5083,0506,8,6,2796,大善,大善,ダイゼン,(株)大善,大物業会,大物業会（マグロ・カジキ類）,https://maguro-daizen.com/,03-6633-5050
5084,0506,8,6,2796,大善,大善,ダイゼン,(株)大善,大物業会,大物業会（マグロ・カジキ類）,https://maguro-daizen.com/,03-6633-5050
5085,0506,8,6,4352,丸金,丸金水産,マルキン,丸金水産(有),特種物業会,特種物業会（活魚・貝類・高級鮮魚）,,03-6633-5440
5086,0506,8,6,4352,丸金,丸金水産,マルキン,丸金水産(有),特種物業会,特種物業会（活魚・貝類・高級鮮魚）,,03-6633-5440
5087,0506,8,6,1313,宇田政,宇田政,ウダマサ,(株)宇田政,特種物業会,特種物業会（活魚・貝類・高級鮮魚）,,03-6633-4103
5088,0506,8,6,1313,宇田政,宇田政,ウダマサ,(株)宇田政,特種物業会,特種物業会（活魚・貝類・高級鮮魚）,,03-6633-4103
5089,0506,8,6,1520,尾粂,尾粂商店,オクメ,(株)尾粂商店,合物業会,合物業会（干物・魚漬け・加工品）,,03-6633-5542
5090,0506,8,6,1520,尾粂,尾粂商店,オクメ,(株)尾粂商店,合物業会,合物業会（干物・魚漬け・加工品）,,03-6633-5542
5091,0506,8,6,3047,佃寅,佃寅商店,ツクトラ,(有)佃寅商店,海老協会,海老協会（活・生鮮・冷凍エビ）,,03-6633-5201
5092,0506,8,6,3047,佃寅,佃寅商店,ツクトラ,(有)佃寅商店,海老協会,海老協会（活・生鮮・冷凍エビ）,,03-6633-5201
5093,0506,8,6,3047,佃寅,佃寅商店,ツクトラ,(有)佃寅商店,海老協会,海老協会（活・生鮮・冷凍エビ）,,03-6633-5201
5094,0506,8,6,3047,佃寅,佃寅商店,ツクトラ,(有)佃寅商店,海老協会,海老協会（活・生鮮・冷凍エビ）,,03-6633-5201
5095,0507,8,7,5123,嘉徳,プレコエフユニット,ヨシトク,(株)プレコエフユニット,特種物業会,特種物業会（活魚・貝類・高級鮮魚）,http://www.precofunit.co.jp,03-6636-4419
5096,0507,8,7,5123,嘉徳,プレコエフユニット,ヨシトク,(株)プレコエフユニット,特種物業会,特種物業会（活魚・貝類・高級鮮魚）,http://www.precofunit.co.jp,03-6636-4419
5097,0507,8,7,5123,嘉徳,プレコエフユニット,ヨシトク,(株)プレコエフユニット,特種物業会,特種物業会（活魚・貝類・高級鮮魚）,http://www.precofunit.co.jp,03-6636-4419
5098,0507,8,7,5123,嘉徳,プレコエフユニット,ヨシトク,(株)プレコエフユニット,特種物業会,特種物業会（活魚・貝類・高級鮮魚）,http://www.precofunit.co.jp,03-6636-4419
5099,0507,8,7,5123,嘉徳,プレコエフユニット,ヨシトク,(株)プレコエフユニット,特種物業会,特種物業会（活魚・貝類・高級鮮魚）,http://www.precofunit.co.jp,03-6636-4419
5100,0507,8,7,5123,嘉徳,プレコエフユニット,ヨシトク,(株)プレコエフユニット,特種物業会,特種物業会（活魚・貝類・高級鮮魚）,http://www.precofunit.co.jp,03-6636-4419
5101,0507,8,7,5123,嘉徳,プレコエフユニット,ヨシトク,(株)プレコエフユニット,特種物業会,特種物業会（活魚・貝類・高級鮮魚）,http://www.precofunit.co.jp,03-6636-4419
5102,0507,8,7,5123,嘉徳,プレコエフユニット,ヨシトク,(株)プレコエフユニット,特種物業会,特種物業会（活魚・貝類・高級鮮魚）,http://www.precofunit.co.jp,03-6636-4419
5103,0507,8,7,5123,嘉徳,プレコエフユニット,ヨシトク,(株)プレコエフユニット,特種物業会,特種物業会（活魚・貝類・高級鮮魚）,http://www.precofunit.co.jp,03-6636-4419
5104,0507,8,7,5123,嘉徳,プレコエフユニット,ヨシトク,(株)プレコエフユニット,特種物業会,特種物業会（活魚・貝類・高級鮮魚）,http://www.precofunit.co.jp,03-6636-4419
5105,0507,8,7,2793,大鈴,大鈴,ダイスズ,(株)大鈴,伊勢海老組合,伊勢海老組合（伊勢海老）,,03-6633-4295
5106,0507,8,7,2793,大鈴,大鈴,ダイスズ,(株)大鈴,伊勢海老組合,伊勢海老組合（伊勢海老）,,03-6633-4295
5107,0507,8,7,2152,米彦,米彦,コメヒコ,(株)米彦,大物業会,大物業会（マグロ・カジキ類）,http://www.daihiro-komehiko.com,03-6633-5345、03-6633-5347、03-6633-5548
5108,0507,8,7,2152,米彦,米彦,コメヒコ,(株)米彦,大物業会,大物業会（マグロ・カジキ類）,http://www.daihiro-komehiko.com,03-6633-5345、03-6633-5347、03-6633-5548
5109,0507,8,7,2152,米彦,米彦,コメヒコ,(株)米彦,大物業会,大物業会（マグロ・カジキ類）,http://www.daihiro-komehiko.com,03-6633-5345、03-6633-5347、03-6633-5548
5110,0507,8,7,2152,米彦,米彦,コメヒコ,(株)米彦,大物業会,大物業会（マグロ・カジキ類）,http://www.daihiro-komehiko.com,03-6633-5345、03-6633-5347、03-6633-5548
5111,0508,8,8,2796,大善,大善,ダイゼン,(株)大善,大物業会,大物業会（マグロ・カジキ類）,https://maguro-daizen.com/,03-6633-5050
5112,0508,8,8,2796,大善,大善,ダイゼン,(株)大善,大物業会,大物業会（マグロ・カジキ類）,https://maguro-daizen.com/,03-6633-5050
5113,0508,8,8,2796,大善,大善,ダイゼン,(株)大善,大物業会,大物業会（マグロ・カジキ類）,https://maguro-daizen.com/,03-6633-5050
5114,0508,8,8,2796,大善,大善,ダイゼン,(株)大善,大物業会,大物業会（マグロ・カジキ類）,https://maguro-daizen.com/,03-6633-5050
5115,0508,8,8,2796,大善,大善,ダイゼン,(株)大善,大物業会,大物業会（マグロ・カジキ類）,https://maguro-daizen.com/,03-6633-5050
5116,0508,8,8,2796,大善,大善,ダイゼン,(株)大善,大物業会,大物業会（マグロ・カジキ類）,https://maguro-daizen.com/,03-6633-5050
5117,0508,8,8,2796,大善,大善,ダイゼン,(株)大善,大物業会,大物業会（マグロ・カジキ類）,https://maguro-daizen.com/,03-6633-5050
5118,0508,8,8,2796,大善,大善,ダイゼン,(株)大善,大物業会,大物業会（マグロ・カジキ類）,https://maguro-daizen.com/,03-6633-5050
5119,0508,8,8,4046,藤森,藤森,フジモリ,(有)藤森,鮮魚業会,鮮魚業会（鮮魚全般）,,03-6633-5210
5120,0508,8,8,4046,藤森,藤森,フジモリ,(有)藤森,鮮魚業会,鮮魚業会（鮮魚全般）,,03-6633-5210
5121,0508,8,8,4042,藤田,フジタ水産,フジタ,(株)フジタ水産,大物業会,大物業会（マグロ・カジキ類）,,03-6633-3717
5122,0508,8,8,4042,藤田,フジタ水産,フジタ,(株)フジタ水産,大物業会,大物業会（マグロ・カジキ類）,,03-6633-3717
5123,0508,8,8,4042,藤田,フジタ水産,フジタ,(株)フジタ水産,大物業会,大物業会（マグロ・カジキ類）,,03-6633-3717
5124,0508,8,8,1643,カネ重,カネ重,カネジュウ,(株)カネ重,特種物業会,特種物業会（活魚・貝類・高級鮮魚）,https://kanejyu.stores.jp/,03-6633-4410
5125,0508,8,8,1643,カネ重,カネ重,カネジュウ,(株)カネ重,特種物業会,特種物業会（活魚・貝類・高級鮮魚）,https://kanejyu.stores.jp/,03-6633-4410
5126,0508,8,8,1643,カネ重,カネ重,カネジュウ,(株)カネ重,特種物業会,特種物業会（活魚・貝類・高級鮮魚）,https://kanejyu.stores.jp/,03-6633-4410
5127,0509,8,9,2295,三恵,三恵,サンケイ,(株)三恵,大物業会,大物業会（マグロ・カジキ類）,,03-6633-4565
5128,0509,8,9,2295,三恵,三恵,サンケイ,(株)三恵,大物業会,大物業会（マグロ・カジキ類）,,03-6633-4565
5129,0509,8,9,2295,三恵,三恵,サンケイ,(株)三恵,大物業会,大物業会（マグロ・カジキ類）,,03-6633-4565
5130,0509,8,9,2295,三恵,三恵,サンケイ,(株)三恵,大物業会,大物業会（マグロ・カジキ類）,,03-6633-4565
5131,0509,8,9,1069,緋志,緋志,アカシ,(株)緋志,大物業会,大物業会（マグロ・カジキ類）,,03-6633-4078
5132,0509,8,9,1069,緋志,緋志,アカシ,(株)緋志,大物業会,大物業会（マグロ・カジキ類）,,03-6633-4078
5133,0509,8,9,3842,ハセガワ,ハセガワ,ハセガワ,(株)ハセガワ,特種物業会,特種物業会（活魚・貝類・高級鮮魚）,,03-3536-0166
5134,0509,8,9,3842,ハセガワ,ハセガワ,ハセガワ,(株)ハセガワ,特種物業会,特種物業会（活魚・貝類・高級鮮魚）,,03-3536-0166
5135,0509,8,9,1697,かど,かど,カド,(有)かど,無所属,無所属,,03-6633-4640
5136,0509,8,9,1684,カネニンベン石沢,石澤,カネニンベンイシザワ,(有)石澤,煉・加工品業会,煉・加工品業会（煉製品・おでん・惣菜）,,03-6633-5691
5137,0509,8,9,1812,北沢,丸北商店,キタザワ,(有)丸北商店,煉・加工品業会 / 塩干魚業会,煉・加工品業会（煉製品・おでん・惣菜） / 塩干魚業会（シラス・乾物・珍味）,,03-6633-4727
5138,0509,8,9,1812,北沢,丸北商店,キタザワ,(有)丸北商店,煉・加工品業会 / 塩干魚業会,煉・加工品業会（煉製品・おでん・惣菜） / 塩干魚業会（シラス・乾物・珍味）,,03-6633-4727
5139,0509,8,9,2511,関戸,関戸,セキド,(株)関戸,煉・加工品業会,煉・加工品業会（煉製品・おでん・惣菜）,https://www.sekitomi.co.jp,03-3541-0233
5140,0509,8,9,2511,関戸,関戸,セキド,(株)関戸,煉・加工品業会,煉・加工品業会（煉製品・おでん・惣菜）,https://www.sekitomi.co.jp,03-3541-0233
5141,0509,8,9,4382,丸雄,丸雄商店,マルユウ,(有)丸雄商店,大物業会,大物業会（マグロ・カジキ類）,,03-6633-4884
5142,0509,8,9,4382,丸雄,丸雄商店,マルユウ,(有)丸雄商店,大物業会,大物業会（マグロ・カジキ類）,,03-6633-4884
5143,0509,8,9,2887,高福,高福,タカフク,(有)高福,大物業会,大物業会（マグロ・カジキ類）,,03-6633-0968
5144,0509,8,9,2887,高福,高福,タカフク,(有)高福,大物業会,大物業会（マグロ・カジキ類）,,03-6633-0968
5145,0509,8,9,1311,上武,上武商店,ウエタケ,(有)上武商店,特種物業会,特種物業会（活魚・貝類・高級鮮魚）,,03-6633-5969
5146,0509,8,9,1311,上武,上武商店,ウエタケ,(有)上武商店,特種物業会,特種物業会（活魚・貝類・高級鮮魚）,,03-6633-5969
6001,0601,7,1,2700,玉越,玉越,タマコシ,(株)玉越,特種物業会,特種物業会（活魚・貝類・高級鮮魚）,,03-6633-5599
6002,0601,7,1,2700,玉越,玉越,タマコシ,(株)玉越,特種物業会,特種物業会（活魚・貝類・高級鮮魚）,,03-6633-5599
6003,0601,7,1,2747,大政分店,光田大政商店,ダイマサブンテン,(株)光田大政商店,鮮魚業会,鮮魚業会（鮮魚全般）,,
6004,0601,7,1,3260,東美,東美,トウミ,(有)東美,無所属,無所属,,090-6346-2980
6005,0601,7,1,4466,松井水産,松井水産,マツイスイサン,松井水産(株),大物業会,大物業会（マグロ・カジキ類）,,03-6633-4940
6006,0601,7,1,4466,松井水産,松井水産,マツイスイサン,松井水産(株),大物業会,大物業会（マグロ・カジキ類）,,03-6633-4940
6007,0601,7,1,2782,大作,大作早山商店,ダイサク,(株)大作早山商店,大物業会,大物業会（マグロ・カジキ類）,,03-6633-5940
6008,0601,7,1,2782,大作,大作早山商店,ダイサク,(株)大作早山商店,大物業会,大物業会（マグロ・カジキ類）,,03-6633-5940
6009,0601,7,1,2782,大作,大作早山商店,ダイサク,(株)大作早山商店,大物業会,大物業会（マグロ・カジキ類）,,03-6633-5940
6010,0601,7,1,2782,大作,大作早山商店,ダイサク,(株)大作早山商店,大物業会,大物業会（マグロ・カジキ類）,,03-6633-5940
6011,0601,7,1,5324,和田,和田食品,ワダ,(有)和田食品,鮮魚業会,鮮魚業会（鮮魚全般）,,03-6633-4118
6012,0601,7,1,1064,阿部水産,阿部水産,アベスイサン,(有)阿部水産,特種物業会,特種物業会（活魚・貝類・高級鮮魚）,,03-6633-7894
6013,0601,7,1,1232,岩善,岩善,イワゼン,(株)岩善,鮮魚業会,鮮魚業会（鮮魚全般）,,03-6633-4340
6014,0601,7,1,1232,岩善,岩善,イワゼン,(株)岩善,鮮魚業会,鮮魚業会（鮮魚全般）,,03-6633-4340
6015,0602,7,2,3261,知海,知海,トモミ,(有)知海,海老協会,海老協会（活・生鮮・冷凍エビ）,,03-6633-5523
6016,0602,7,2,3261,知海,知海,トモミ,(有)知海,海老協会,海老協会（活・生鮮・冷凍エビ）,,03-6633-5523
6017,0602,7,2,3441,日進,日進,ニッシン,(有)日進,北洋物業会,北洋物業会（鮭鱒・魚卵・冷凍品）,,03-6633-4160
6018,0602,7,2,3441,日進,日進,ニッシン,(有)日進,北洋物業会,北洋物業会（鮭鱒・魚卵・冷凍品）,,03-6633-4160
6019,0602,7,2,4989,やま幸,やま幸,ヤマユキ,(株)やま幸,大物業会,大物業会（マグロ・カジキ類）,,03-6636-5527
6020,0602,7,2,4989,やま幸,やま幸,ヤマユキ,(株)やま幸,大物業会,大物業会（マグロ・カジキ類）,,03-6636-5527
6021,0602,7,2,4989,やま幸,やま幸,ヤマユキ,(株)やま幸,大物業会,大物業会（マグロ・カジキ類）,,03-6636-5527
6022,0602,7,2,1666,亀本,亀本商店,カメモト,(株)亀本商店,特種物業会,特種物業会（活魚・貝類・高級鮮魚）,,03-6633-5247
6023,0602,7,2,1666,亀本,亀本商店,カメモト,(株)亀本商店,特種物業会,特種物業会（活魚・貝類・高級鮮魚）,,03-6633-5247
6024,0602,7,2,1666,亀本,亀本商店,カメモト,(株)亀本商店,特種物業会,特種物業会（活魚・貝類・高級鮮魚）,,03-6633-5247
6025,0602,7,2,1666,亀本,亀本商店,カメモト,(株)亀本商店,特種物業会,特種物業会（活魚・貝類・高級鮮魚）,,03-6633-5247
6026,0602,7,2,1666,亀本,亀本商店,カメモト,(株)亀本商店,特種物業会,特種物業会（活魚・貝類・高級鮮魚）,,03-6633-5247
6027,0602,7,2,1666,亀本,亀本商店,カメモト,(株)亀本商店,特種物業会,特種物業会（活魚・貝類・高級鮮魚）,,03-6633-5247
6028,0602,7,2,1666,亀本,亀本商店,カメモト,(株)亀本商店,特種物業会,特種物業会（活魚・貝類・高級鮮魚）,,03-6633-5247
6029,0602,7,2,1666,亀本,亀本商店,カメモト,(株)亀本商店,特種物業会,特種物業会（活魚・貝類・高級鮮魚）,,03-6633-5247
6030,0602,7,2,1666,亀本,亀本商店,カメモト,(株)亀本商店,特種物業会,特種物業会（活魚・貝類・高級鮮魚）,,03-6633-5247
6031,0603,7,3,1810,菊市,菊市,キクイチ,(株)菊市,海老協会 / 特種物業会,海老協会（活・生鮮・冷凍エビ） / 特種物業会（活魚・貝類・高級鮮魚）,http://www.kikuichi.biz,03-6633-5670
6032,0603,7,3,1810,菊市,菊市,キクイチ,(株)菊市,海老協会 / 特種物業会,海老協会（活・生鮮・冷凍エビ） / 特種物業会（活魚・貝類・高級鮮魚）,http://www.kikuichi.biz,03-6633-5670
6033,0603,7,3,1810,菊市,菊市,キクイチ,(株)菊市,海老協会 / 特種物業会,海老協会（活・生鮮・冷凍エビ） / 特種物業会（活魚・貝類・高級鮮魚）,http://www.kikuichi.biz,03-6633-5670
6034,0603,7,3,1810,菊市,菊市,キクイチ,(株)菊市,海老協会 / 特種物業会,海老協会（活・生鮮・冷凍エビ） / 特種物業会（活魚・貝類・高級鮮魚）,http://www.kikuichi.biz,03-6633-5670
6035,0603,7,3,1810,菊市,菊市,キクイチ,(株)菊市,海老協会 / 特種物業会,海老協会（活・生鮮・冷凍エビ） / 特種物業会（活魚・貝類・高級鮮魚）,http://www.kikuichi.biz,03-6633-5670
6036,0603,7,3,1810,菊市,菊市,キクイチ,(株)菊市,海老協会 / 特種物業会,海老協会（活・生鮮・冷凍エビ） / 特種物業会（活魚・貝類・高級鮮魚）,http://www.kikuichi.biz,03-6633-5670
6037,0603,7,3,1810,菊市,菊市,キクイチ,(株)菊市,海老協会 / 特種物業会,海老協会（活・生鮮・冷凍エビ） / 特種物業会（活魚・貝類・高級鮮魚）,http://www.kikuichi.biz,03-6633-5670
6038,0603,7,3,3259,東研,東京海洋資源研究所,トウケン,(有)東京海洋資源研究所,特種物業会,特種物業会（活魚・貝類・高級鮮魚）,,03-6633-4129
6039,0603,7,3,3259,東研,東京海洋資源研究所,トウケン,(有)東京海洋資源研究所,特種物業会,特種物業会（活魚・貝類・高級鮮魚）,,03-6633-4129
6040,0603,7,3,3259,東研,東京海洋資源研究所,トウケン,(有)東京海洋資源研究所,特種物業会,特種物業会（活魚・貝類・高級鮮魚）,,03-6633-4129
6041,0603,7,3,3259,東研,東京海洋資源研究所,トウケン,(有)東京海洋資源研究所,特種物業会,特種物業会（活魚・貝類・高級鮮魚）,,03-6633-4129
6042,0603,7,3,3259,東研,東京海洋資源研究所,トウケン,(有)東京海洋資源研究所,特種物業会,特種物業会（活魚・貝類・高級鮮魚）,,03-6633-4129
6043,0603,7,3,3259,東研,東京海洋資源研究所,トウケン,(有)東京海洋資源研究所,特種物業会,特種物業会（活魚・貝類・高級鮮魚）,,03-6633-4129
6044,0603,7,3,3259,東研,東京海洋資源研究所,トウケン,(有)東京海洋資源研究所,特種物業会,特種物業会（活魚・貝類・高級鮮魚）,,03-6633-4129
6045,0603,7,3,3259,東研,東京海洋資源研究所,トウケン,(有)東京海洋資源研究所,特種物業会,特種物業会（活魚・貝類・高級鮮魚）,,03-6633-4129
6046,0603,7,3,3259,東研,東京海洋資源研究所,トウケン,(有)東京海洋資源研究所,特種物業会,特種物業会（活魚・貝類・高級鮮魚）,,03-6633-4129
6047,0604,7,4,2161,幸樹水産,幸樹水産,コウジュスイサン,幸樹水産(株),特種物業会,特種物業会（活魚・貝類・高級鮮魚）,,03-6636-4460
6048,0604,7,4,2161,幸樹水産,幸樹水産,コウジュスイサン,幸樹水産(株),特種物業会,特種物業会（活魚・貝類・高級鮮魚）,,03-6636-4460
6049,0604,7,4,2161,幸樹水産,幸樹水産,コウジュスイサン,幸樹水産(株),特種物業会,特種物業会（活魚・貝類・高級鮮魚）,,03-6636-4460
6050,0604,7,4,2161,幸樹水産,幸樹水産,コウジュスイサン,幸樹水産(株),特種物業会,特種物業会（活魚・貝類・高級鮮魚）,,03-6636-4460
6051,0604,7,4,2787,大昌水産,大昌水産,ダイショウスイサン,大昌水産(株),特種物業会,特種物業会（活魚・貝類・高級鮮魚）,,03-6633-5177
6052,0604,7,4,2787,大昌水産,大昌水産,ダイショウスイサン,大昌水産(株),特種物業会,特種物業会（活魚・貝類・高級鮮魚）,,03-6633-5177
6053,0604,7,4,2787,大昌水産,大昌水産,ダイショウスイサン,大昌水産(株),特種物業会,特種物業会（活魚・貝類・高級鮮魚）,,03-6633-5177
6054,0604,7,4,2787,大昌水産,大昌水産,ダイショウスイサン,大昌水産(株),特種物業会,特種物業会（活魚・貝類・高級鮮魚）,,03-6633-5177
6055,0604,7,4,2517,扇留,扇留,セントメ,(有)扇留,特種物業会,特種物業会（活魚・貝類・高級鮮魚）,,03-6633-5304
6056,0604,7,4,2517,扇留,扇留,セントメ,(有)扇留,特種物業会,特種物業会（活魚・貝類・高級鮮魚）,,03-6633-5304
6057,0604,7,4,2517,扇留,扇留,セントメ,(有)扇留,特種物業会,特種物業会（活魚・貝類・高級鮮魚）,,03-6633-5304
6058,0604,7,4,2517,扇留,扇留,セントメ,(有)扇留,特種物業会,特種物業会（活魚・貝類・高級鮮魚）,,03-6633-5304
6059,0604,7,4,2517,扇留,扇留,セントメ,(有)扇留,特種物業会,特種物業会（活魚・貝類・高級鮮魚）,,03-6633-5304
6060,0604,7,4,2517,扇留,扇留,セントメ,(有)扇留,特種物業会,特種物業会（活魚・貝類・高級鮮魚）,,03-6633-5304
6061,0604,7,4,2875,大四郎,大四郎,ダイシロウ,(有)大四郎,大物業会,大物業会（マグロ・カジキ類）,,03-6633-4600
6062,0604,7,4,2875,大四郎,大四郎,ダイシロウ,(有)大四郎,大物業会,大物業会（マグロ・カジキ類）,,03-6633-4600
6079,0606,7,6,1148,伊勢慶,伊勢慶商店,イセケイ,(有)伊勢慶商店,海老協会,海老協会（活・生鮮・冷凍エビ）,,03-6633-5500
6080,0606,7,6,1148,伊勢慶,伊勢慶商店,イセケイ,(有)伊勢慶商店,海老協会,海老協会（活・生鮮・冷凍エビ）,,03-6633-5500
6081,0606,7,6,1644,カネシチ,かね七水産,カネシチ,かね七水産(株),特種物業会,特種物業会（活魚・貝類・高級鮮魚）,,03-6633-5757
6082,0606,7,6,1644,カネシチ,かね七水産,カネシチ,かね七水産(株),特種物業会,特種物業会（活魚・貝類・高級鮮魚）,,03-6633-5757
6083,0606,7,6,4372,マルテイ,丸テイ,マルテイ,(有)丸テイ,塩干魚業会,塩干魚業会（シラス・乾物・珍味）,,03-6633-4022
6084,0606,7,6,4372,マルテイ,丸テイ,マルテイ,(有)丸テイ,塩干魚業会,塩干魚業会（シラス・乾物・珍味）,,03-6633-4022
6085,0606,7,6,4128,北晃水産,北晃水産,ホッコウスイサン,北晃水産(株),北洋物業会,北洋物業会（鮭鱒・魚卵・冷凍品）,,03-6633-5241
6086,0606,7,6,4128,北晃水産,北晃水産,ホッコウスイサン,北晃水産(株),北洋物業会,北洋物業会（鮭鱒・魚卵・冷凍品）,,03-6633-5241
6087,0606,7,6,4128,北晃水産,北晃水産,ホッコウスイサン,北晃水産(株),北洋物業会,北洋物業会（鮭鱒・魚卵・冷凍品）,,03-6633-5241
6088,0606,7,6,4128,北晃水産,北晃水産,ホッコウスイサン,北晃水産(株),北洋物業会,北洋物業会（鮭鱒・魚卵・冷凍品）,,03-6633-5241
6089,0606,7,6,1695,海信水産,海信水産,カイシンスイサン,(有)海信水産,大物業会,大物業会（マグロ・カジキ類）,,03-6636-5285
6090,0606,7,6,1695,海信水産,海信水産,カイシンスイサン,(有)海信水産,大物業会,大物業会（マグロ・カジキ類）,,03-6636-5285
6091,0606,7,6,3913,樋栄,樋栄,ヒエイ,(株)樋栄,大物業会,大物業会（マグロ・カジキ類）,,03-6633-4555
6092,0606,7,6,3913,樋栄,樋栄,ヒエイ,(株)樋栄,大物業会,大物業会（マグロ・カジキ類）,,03-6633-4555
6093,0606,7,6,3913,樋栄,樋栄,ヒエイ,(株)樋栄,大物業会,大物業会（マグロ・カジキ類）,,03-6633-4555
6094,0606,7,6,3913,樋栄,樋栄,ヒエイ,(株)樋栄,大物業会,大物業会（マグロ・カジキ類）,,03-6633-4555
6095,0607,7,7,1520,尾粂,尾粂商店,オクメ,(株)尾粂商店,合物業会,合物業会（干物・魚漬け・加工品）,,03-6633-5542
6096,0607,7,7,1520,尾粂,尾粂商店,オクメ,(株)尾粂商店,合物業会,合物業会（干物・魚漬け・加工品）,,03-6633-5542
6097,0607,7,7,1520,尾粂,尾粂商店,オクメ,(株)尾粂商店,合物業会,合物業会（干物・魚漬け・加工品）,,03-6633-5542
6098,0607,7,7,1520,尾粂,尾粂商店,オクメ,(株)尾粂商店,合物業会,合物業会（干物・魚漬け・加工品）,,03-6633-5542
6099,0607,7,7,2280,三升,三升,サンマス,(有)三升,北洋物業会,北洋物業会（鮭鱒・魚卵・冷凍品）,,03-6633-4027
6100,0607,7,7,2280,三升,三升,サンマス,(有)三升,北洋物業会,北洋物業会（鮭鱒・魚卵・冷凍品）,,03-6633-4027
6101,0607,7,7,2280,三升,三升,サンマス,(有)三升,北洋物業会,北洋物業会（鮭鱒・魚卵・冷凍品）,,03-6633-4027
6102,0607,7,7,2727,大音,大音,ダイオト,(有)大音,鮮魚業会,鮮魚業会（鮮魚全般）,,03-6633-5995
6103,0607,7,7,2727,大音,大音,ダイオト,(有)大音,鮮魚業会,鮮魚業会（鮮魚全般）,,03-6633-5995
6104,0607,7,7,2267,三清,三清商店,サンセイ,(株)三清商店,特種物業会 / 北洋物業会,特種物業会（活魚・貝類・高級鮮魚） / 北洋物業会（鮭鱒・魚卵・冷凍品）,,03-6633-4490
6105,0607,7,7,2267,三清,三清商店,サンセイ,(株)三清商店,特種物業会 / 北洋物業会,特種物業会（活魚・貝類・高級鮮魚） / 北洋物業会（鮭鱒・魚卵・冷凍品）,,03-6633-4490
6106,0607,7,7,2267,三清,三清商店,サンセイ,(株)三清商店,特種物業会 / 北洋物業会,特種物業会（活魚・貝類・高級鮮魚） / 北洋物業会（鮭鱒・魚卵・冷凍品）,,03-6633-4490
6107,0607,7,7,2267,三清,三清商店,サンセイ,(株)三清商店,特種物業会 / 北洋物業会,特種物業会（活魚・貝類・高級鮮魚） / 北洋物業会（鮭鱒・魚卵・冷凍品）,,03-6633-4490
6108,0607,7,7,2267,三清,三清商店,サンセイ,(株)三清商店,特種物業会 / 北洋物業会,特種物業会（活魚・貝類・高級鮮魚） / 北洋物業会（鮭鱒・魚卵・冷凍品）,,03-6633-4490
6109,0607,7,7,2152,米彦,米彦,コメヒコ,(株)米彦,大物業会,大物業会（マグロ・カジキ類）,http://www.daihiro-komehiko.com,03-6633-5345、03-6633-5347、03-6633-5548
6110,0607,7,7,2152,米彦,米彦,コメヒコ,(株)米彦,大物業会,大物業会（マグロ・カジキ類）,http://www.daihiro-komehiko.com,03-6633-5345、03-6633-5347、03-6633-5548
6111,0608,7,8,1914,熊梅,熊梅,クマウメ,(株)熊梅,特種物業会,特種物業会（活魚・貝類・高級鮮魚）,http://www.kumaume.co.jp,03-3520-8575、03-3520-8576
6112,0608,7,8,1914,熊梅,熊梅,クマウメ,(株)熊梅,特種物業会,特種物業会（活魚・貝類・高級鮮魚）,http://www.kumaume.co.jp,03-3520-8575、03-3520-8576
6113,0608,7,8,1914,熊梅,熊梅,クマウメ,(株)熊梅,特種物業会,特種物業会（活魚・貝類・高級鮮魚）,http://www.kumaume.co.jp,03-3520-8575、03-3520-8576
6114,0608,7,8,1914,熊梅,熊梅,クマウメ,(株)熊梅,特種物業会,特種物業会（活魚・貝類・高級鮮魚）,http://www.kumaume.co.jp,03-3520-8575、03-3520-8576
6115,0608,7,8,1914,熊梅,熊梅,クマウメ,(株)熊梅,特種物業会,特種物業会（活魚・貝類・高級鮮魚）,http://www.kumaume.co.jp,03-3520-8575、03-3520-8576
6116,0608,7,8,1914,熊梅,熊梅,クマウメ,(株)熊梅,特種物業会,特種物業会（活魚・貝類・高級鮮魚）,http://www.kumaume.co.jp,03-3520-8575、03-3520-8576
6117,0608,7,8,4049,布施,布施水産,フセ,(株)布施水産,大物業会,大物業会（マグロ・カジキ類）,,03-6633-4015
6118,0608,7,8,4049,布施,布施水産,フセ,(株)布施水産,大物業会,大物業会（マグロ・カジキ類）,,03-6633-4015
6119,0608,7,8,4049,布施,布施水産,フセ,(株)布施水産,大物業会,大物業会（マグロ・カジキ類）,,03-6633-4015
6120,0608,7,8,4049,布施,布施水産,フセ,(株)布施水産,大物業会,大物業会（マグロ・カジキ類）,,03-6633-4015
6121,0608,7,8,4049,布施,布施水産,フセ,(株)布施水産,大物業会,大物業会（マグロ・カジキ類）,,03-6633-4015
6122,0608,7,8,4049,布施,布施水産,フセ,(株)布施水産,大物業会,大物業会（マグロ・カジキ類）,,03-6633-4015
6123,0608,7,8,5127,よし田水産,よし田水産,ヨシダスイサン,(株)よし田水産,無所属,無所属,,03-6633-5432
6124,0608,7,8,2431,鈴國,,スズクニ,,海老協会,海老協会（活・生鮮・冷凍エビ）,,03-6633-5335
6125,0608,7,8,2443,住定,,スミサダ,,鮮魚業会,鮮魚業会（鮮魚全般）,,03-6633-5018
6126,0608,7,8,1167,磯多紀,磯多紀,イソタキ,(株)磯多紀,鮮魚業会,鮮魚業会（鮮魚全般）,,03-6633-5211
6127,0609,7,9,2247,堺浜,なり市堺浜,サカハマ,(株)なり市堺浜,大物業会,大物業会（マグロ・カジキ類）,http://www.nariichi-sakahama.co.jp/,03-5548-7171
6128,0609,7,9,2247,堺浜,なり市堺浜,サカハマ,(株)なり市堺浜,大物業会,大物業会（マグロ・カジキ類）,http://www.nariichi-sakahama.co.jp/,03-5548-7171
6129,0609,7,9,2247,堺浜,なり市堺浜,サカハマ,(株)なり市堺浜,大物業会,大物業会（マグロ・カジキ類）,http://www.nariichi-sakahama.co.jp/,03-5548-7171
6130,0609,7,9,2247,堺浜,なり市堺浜,サカハマ,(株)なり市堺浜,大物業会,大物業会（マグロ・カジキ類）,http://www.nariichi-sakahama.co.jp/,03-5548-7171
6131,0609,7,9,2247,堺浜,なり市堺浜,サカハマ,(株)なり市堺浜,大物業会,大物業会（マグロ・カジキ類）,http://www.nariichi-sakahama.co.jp/,03-5548-7171
6132,0609,7,9,2247,堺浜,なり市堺浜,サカハマ,(株)なり市堺浜,大物業会,大物業会（マグロ・カジキ類）,http://www.nariichi-sakahama.co.jp/,03-5548-7171
6133,0609,7,9,1161,伊勢平,伊勢平,イセヘイ,(有)伊勢平,大物業会,大物業会（マグロ・カジキ類）,http://www.rakuten.co.jp/oono/,03-6633-4423
6134,0609,7,9,1161,伊勢平,伊勢平,イセヘイ,(有)伊勢平,大物業会,大物業会（マグロ・カジキ類）,http://www.rakuten.co.jp/oono/,03-6633-4423
6135,0609,7,9,1677,カネカ一,カネカ一水産,カネカイチ,(有)カネカ一水産,大物業会,大物業会（マグロ・カジキ類）,,03-6633-5677
6136,0609,7,9,1677,カネカ一,カネカ一水産,カネカイチ,(有)カネカ一水産,大物業会,大物業会（マグロ・カジキ類）,,03-6633-5677
6137,0609,7,9,1677,カネカ一,カネカ一水産,カネカイチ,(有)カネカ一水産,大物業会,大物業会（マグロ・カジキ類）,,03-6633-5677
6138,0609,7,9,1677,カネカ一,カネカ一水産,カネカイチ,(有)カネカ一水産,大物業会,大物業会（マグロ・カジキ類）,,03-6633-5677
6139,0609,7,9,4933,やま吉,やま吉,ヤマキチ,(有)やま吉,大物業会,大物業会（マグロ・カジキ類）,,03-6633-4192
6140,0609,7,9,4933,やま吉,やま吉,ヤマキチ,(有)やま吉,大物業会,大物業会（マグロ・カジキ類）,,03-6633-4192
6141,0609,7,9,4933,やま吉,やま吉,ヤマキチ,(有)やま吉,大物業会,大物業会（マグロ・カジキ類）,,03-6633-4192
6142,0609,7,9,4933,やま吉,やま吉,ヤマキチ,(有)やま吉,大物業会,大物業会（マグロ・カジキ類）,,03-6633-4192
6143,0609,7,9,4933,やま吉,やま吉,ヤマキチ,(有)やま吉,大物業会,大物業会（マグロ・カジキ類）,,03-6633-4192
6144,0609,7,9,4933,やま吉,やま吉,ヤマキチ,(有)やま吉,大物業会,大物業会（マグロ・カジキ類）,,03-6633-4192
6145,0609,7,9,1311,上武,上武商店,ウエタケ,(有)上武商店,特種物業会,特種物業会（活魚・貝類・高級鮮魚）,,03-6633-5969
6146,0609,7,9,1311,上武,上武商店,ウエタケ,(有)上武商店,特種物業会,特種物業会（活魚・貝類・高級鮮魚）,,03-6633-5969
7001,0701,6,1,4481,丸佳,丸佳,マルヨシ,(株)丸佳,特種物業会,特種物業会（活魚・貝類・高級鮮魚）,,03-6633-5966
7002,0701,6,1,4481,丸佳,丸佳,マルヨシ,(株)丸佳,特種物業会,特種物業会（活魚・貝類・高級鮮魚）,,03-6633-5966
7003,0701,6,1,4470,政丸,政丸,マサマル,(有)政丸,無所属,無所属,http://www.masamaru.jp,03-6633-4120
7004,0701,6,1,4470,政丸,政丸,マサマル,(有)政丸,無所属,無所属,http://www.masamaru.jp,03-6633-4120
7005,0701,6,1,1068,明招,明招,アキショウ,(有)明招,特種物業会,特種物業会（活魚・貝類・高級鮮魚）,,03-6633-5234
7006,0701,6,1,1068,明招,明招,アキショウ,(有)明招,特種物業会,特種物業会（活魚・貝類・高級鮮魚）,,03-6633-5234
7007,0701,6,1,3067,佃昇,佃昇,ツクショウ,(株)佃昇,大物業会,大物業会（マグロ・カジキ類）,,03-6633-5567
7008,0701,6,1,3067,佃昇,佃昇,ツクショウ,(株)佃昇,大物業会,大物業会（マグロ・カジキ類）,,03-6633-5567
7009,0701,6,1,1614,加藤水産,加藤水産,カトウスイサン,(株)加藤水産,海老協会,海老協会（活・生鮮・冷凍エビ）,http://katosuisan.net/,03-6633-4141
7010,0701,6,1,1614,加藤水産,加藤水産,カトウスイサン,(株)加藤水産,海老協会,海老協会（活・生鮮・冷凍エビ）,http://katosuisan.net/,03-6633-4141
7011,0701,6,1,2260,三協,真部水産,サンキョウ,(有)真部水産,鮮魚業会,鮮魚業会（鮮魚全般）,,03-6633-5281
7012,0701,6,1,1322,海野,海野,ウミノ,(有)海野,大物業会,大物業会（マグロ・カジキ類）,,03-6633-4554
7013,0701,6,1,5063,結乃花,結乃花,ユノカ,結乃花(有),無所属,無所属,,03-6633-4106
7014,0701,6,1,4616,村また,村また商店,ムラマタ,(有)村また商店,塩干魚業会,塩干魚業会（シラス・乾物・珍味）,,03-6633-5544
7015,0702,6,2,1575,岡善,岡善,オカゼン,(有)岡善,特種物業会,特種物業会（活魚・貝類・高級鮮魚）,,03-6633-5510
7016,0702,6,2,1575,岡善,岡善,オカゼン,(有)岡善,特種物業会,特種物業会（活魚・貝類・高級鮮魚）,,03-6633-5510
7017,0702,6,2,2216,佐孝,佐孝,サコウ,(株)佐孝,鮮魚業会,鮮魚業会（鮮魚全般）,,03-6633-5350
7018,0702,6,2,2216,佐孝,佐孝,サコウ,(株)佐孝,鮮魚業会,鮮魚業会（鮮魚全般）,,03-6633-5350
7019,0702,6,2,1848,金印,金印,キンジルシ,(株)金印,大物業会,大物業会（マグロ・カジキ類）,,03-6633-5022
7020,0702,6,2,1848,金印,金印,キンジルシ,(株)金印,大物業会,大物業会（マグロ・カジキ類）,,03-6633-5022
7021,0702,6,2,1923,串田水産,串田水産,クシダスイサン,(有)串田水産,特種物業会,特種物業会（活魚・貝類・高級鮮魚）,,03-6633-4002
7022,0702,6,2,1923,串田水産,串田水産,クシダスイサン,(有)串田水産,特種物業会,特種物業会（活魚・貝類・高級鮮魚）,,03-6633-4002
7023,0702,6,2,1923,串田水産,串田水産,クシダスイサン,(有)串田水産,特種物業会,特種物業会（活魚・貝類・高級鮮魚）,,03-6633-4002
7024,0702,6,2,1923,串田水産,串田水産,クシダスイサン,(有)串田水産,特種物業会,特種物業会（活魚・貝類・高級鮮魚）,,03-6633-4002
7031,0703,6,3,1337,ウエケン,ウエケン,ウエケン,(株)ウエケン,特種物業会,特種物業会（活魚・貝類・高級鮮魚）,,03-6633-4828
7032,0703,6,3,1337,ウエケン,ウエケン,ウエケン,(株)ウエケン,特種物業会,特種物業会（活魚・貝類・高級鮮魚）,,03-6633-4828
7033,0703,6,3,1337,ウエケン,ウエケン,ウエケン,(株)ウエケン,特種物業会,特種物業会（活魚・貝類・高級鮮魚）,,03-6633-4828
7034,0703,6,3,1337,ウエケン,ウエケン,ウエケン,(株)ウエケン,特種物業会,特種物業会（活魚・貝類・高級鮮魚）,,03-6633-4828
7035,0703,6,3,1337,ウエケン,ウエケン,ウエケン,(株)ウエケン,特種物業会,特種物業会（活魚・貝類・高級鮮魚）,,03-6633-4828
7036,0703,6,3,1337,ウエケン,ウエケン,ウエケン,(株)ウエケン,特種物業会,特種物業会（活魚・貝類・高級鮮魚）,,03-6633-4828
7037,0703,6,3,1337,ウエケン,ウエケン,ウエケン,(株)ウエケン,特種物業会,特種物業会（活魚・貝類・高級鮮魚）,,03-6633-4828
7038,0703,6,3,1337,ウエケン,ウエケン,ウエケン,(株)ウエケン,特種物業会,特種物業会（活魚・貝類・高級鮮魚）,,03-6633-4828
7039,0703,6,3,1921,久世,久世,クゼ,(株)久世,大物業会,大物業会（マグロ・カジキ類）,,03-6633-4154
7040,0703,6,3,3258,登美粋,ワールドフーズ,トミスイ,(株)ワールドフーズ,海老協会,海老協会（活・生鮮・冷凍エビ）,,03-6633-5556
7041,0703,6,3,3258,登美粋,ワールドフーズ,トミスイ,(株)ワールドフーズ,海老協会,海老協会（活・生鮮・冷凍エビ）,,03-6633-5556
7042,0703,6,3,3258,登美粋,ワールドフーズ,トミスイ,(株)ワールドフーズ,海老協会,海老協会（活・生鮮・冷凍エビ）,,03-6633-5556
7043,0703,6,3,2273,三鉄,三鉄商店,サンテツ,(株)三鉄商店,鮮魚業会,鮮魚業会（鮮魚全般）,,03-6633-5842
7044,0703,6,3,2273,三鉄,三鉄商店,サンテツ,(株)三鉄商店,鮮魚業会,鮮魚業会（鮮魚全般）,,03-6633-5842
7045,0703,6,3,2273,三鉄,三鉄商店,サンテツ,(株)三鉄商店,鮮魚業会,鮮魚業会（鮮魚全般）,,03-6633-5842
7046,0703,6,3,2273,三鉄,三鉄商店,サンテツ,(株)三鉄商店,鮮魚業会,鮮魚業会（鮮魚全般）,,03-6633-5842
7047,0704,6,4,3710,ノジ喜代,ノジ喜代,ノジキヨ,(株)ノジ喜代,合物業会,合物業会（干物・魚漬け・加工品）,,03-3520-8107
7048,0704,6,4,3710,ノジ喜代,ノジ喜代,ノジキヨ,(株)ノジ喜代,合物業会,合物業会（干物・魚漬け・加工品）,,03-3520-8107
7049,0704,6,4,3710,ノジ喜代,ノジ喜代,ノジキヨ,(株)ノジ喜代,合物業会,合物業会（干物・魚漬け・加工品）,,03-3520-8107
7050,0704,6,4,3710,ノジ喜代,ノジ喜代,ノジキヨ,(株)ノジ喜代,合物業会,合物業会（干物・魚漬け・加工品）,,03-3520-8107
7051,0704,6,4,3710,ノジ喜代,ノジ喜代,ノジキヨ,(株)ノジ喜代,合物業会,合物業会（干物・魚漬け・加工品）,,03-3520-8107
7052,0704,6,4,3710,ノジ喜代,ノジ喜代,ノジキヨ,(株)ノジ喜代,合物業会,合物業会（干物・魚漬け・加工品）,,03-3520-8107
7053,0704,6,4,3710,ノジ喜代,ノジ喜代,ノジキヨ,(株)ノジ喜代,合物業会,合物業会（干物・魚漬け・加工品）,,03-3520-8107
7054,0704,6,4,3710,ノジ喜代,ノジ喜代,ノジキヨ,(株)ノジ喜代,合物業会,合物業会（干物・魚漬け・加工品）,,03-3520-8107
7055,0704,6,4,3710,ノジ喜代,ノジ喜代,ノジキヨ,(株)ノジ喜代,合物業会,合物業会（干物・魚漬け・加工品）,,03-3520-8107
7056,0704,6,4,1174,一瀬,一瀬商店,イチノセ,(有)一瀬商店,大物業会,大物業会（マグロ・カジキ類）,,03-6633-4070
7057,0704,6,4,1534,尾藤,尾藤商店,オトウ,(有)尾藤商店,大物業会,大物業会（マグロ・カジキ類）,,03-6633-4010
7058,0704,6,4,5321,渡正,渡正,ワタショウ,(有)渡正,大物業会,大物業会（マグロ・カジキ類）,,03-6633-4318
7059,0704,6,4,2883,竹口,竹口水産,タケグチ,竹口水産(株),大物業会,大物業会（マグロ・カジキ類）,,03-6633-4717
7060,0704,6,4,2883,竹口,竹口水産,タケグチ,竹口水産(株),大物業会,大物業会（マグロ・カジキ類）,,03-6633-4717
7061,0704,6,4,4318,牧和,牧和水産,マキワ,牧和水産(株),特種物業会,特種物業会（活魚・貝類・高級鮮魚）,,03-6633-4147
7062,0704,6,4,4318,牧和,牧和水産,マキワ,牧和水産(株),特種物業会,特種物業会（活魚・貝類・高級鮮魚）,,03-6633-4147
7063,0705,6,5,2774,大京,大京,ダイキョウ,(株)大京,海老協会,海老協会（活・生鮮・冷凍エビ）,,03-6633-5773
7064,0705,6,5,2774,大京,大京,ダイキョウ,(株)大京,海老協会,海老協会（活・生鮮・冷凍エビ）,,03-6633-5773
7065,0705,6,5,2774,大京,大京,ダイキョウ,(株)大京,海老協会,海老協会（活・生鮮・冷凍エビ）,,03-6633-5773
7066,0705,6,5,2774,大京,大京,ダイキョウ,(株)大京,海老協会,海老協会（活・生鮮・冷凍エビ）,,03-6633-5773
7067,0705,6,5,2774,大京,大京,ダイキョウ,(株)大京,海老協会,海老協会（活・生鮮・冷凍エビ）,,03-6633-5773
7068,0705,6,5,2157,孝和,孝和,コウワ,(株)孝和,大物業会,大物業会（マグロ・カジキ類）,,03-6633-5910
7069,0705,6,5,2157,孝和,孝和,コウワ,(株)孝和,大物業会,大物業会（マグロ・カジキ類）,,03-6633-5910
7070,0705,6,5,1228,泉栄藤井,泉栄藤井,イズエイフジイ,(有)泉栄藤井,佃和会,佃和会（佃煮・惣菜・珍味）,,03-6633-8188
7071,0705,6,5,1228,泉栄藤井,泉栄藤井,イズエイフジイ,(有)泉栄藤井,佃和会,佃和会（佃煮・惣菜・珍味）,,03-6633-8188
7072,0705,6,5,4940,山サ水産,山サ水産,ヤマサスイサン,山サ水産(株),北洋物業会,北洋物業会（鮭鱒・魚卵・冷凍品）,,03-6633-5583
7073,0705,6,5,4940,山サ水産,山サ水産,ヤマサスイサン,山サ水産(株),北洋物業会,北洋物業会（鮭鱒・魚卵・冷凍品）,,03-6633-5583
7074,0705,6,5,4940,山サ水産,山サ水産,ヤマサスイサン,山サ水産(株),北洋物業会,北洋物業会（鮭鱒・魚卵・冷凍品）,,03-6633-5583
7075,0705,6,5,4940,山サ水産,山サ水産,ヤマサスイサン,山サ水産(株),北洋物業会,北洋物業会（鮭鱒・魚卵・冷凍品）,,03-6633-5583
7076,0705,6,5,4940,山サ水産,山サ水産,ヤマサスイサン,山サ水産(株),北洋物業会,北洋物業会（鮭鱒・魚卵・冷凍品）,,03-6633-5583
7077,0705,6,5,3068,司水産,司水産,ツカサスイサン,(有)司水産,特種物業会,特種物業会（活魚・貝類・高級鮮魚）,,03-3533-0555
7078,0705,6,5,3068,司水産,司水産,ツカサスイサン,(有)司水産,特種物業会,特種物業会（活魚・貝類・高級鮮魚）,,03-3533-0555
7079,0706,6,6,5001,山徳,山徳,ヤマトク,(株)山徳,大物業会,大物業会（マグロ・カジキ類）,,03-6633-5770
7080,0706,6,6,5001,山徳,山徳,ヤマトク,(株)山徳,大物業会,大物業会（マグロ・カジキ類）,,03-6633-5770
7081,0706,6,6,4369,丸清,丸清,マルセイ,(株)丸清,特種物業会,特種物業会（活魚・貝類・高級鮮魚）,,03-6633-4050
7082,0706,6,6,4369,丸清,丸清,マルセイ,(株)丸清,特種物業会,特種物業会（活魚・貝類・高級鮮魚）,,03-6633-4050
7083,0706,6,6,2892,大準,大準,ダイジュン,(有)大準,特種物業会,特種物業会（活魚・貝類・高級鮮魚）,,03-6633-5037
7084,0706,6,6,2892,大準,大準,ダイジュン,(有)大準,特種物業会,特種物業会（活魚・貝類・高級鮮魚）,,03-6633-5037
7085,0706,6,6,2892,大準,大準,ダイジュン,(有)大準,特種物業会,特種物業会（活魚・貝類・高級鮮魚）,,03-6633-5037
7086,0706,6,6,2892,大準,大準,ダイジュン,(有)大準,特種物業会,特種物業会（活魚・貝類・高級鮮魚）,,03-6633-5037
7087,0706,6,6,4900,弥栄水産,弥栄水産,ヤサカスイサン,弥栄水産(株),特種物業会,特種物業会（活魚・貝類・高級鮮魚）,,03-3533-5563
7088,0706,6,6,4900,弥栄水産,弥栄水産,ヤサカスイサン,弥栄水産(株),特種物業会,特種物業会（活魚・貝類・高級鮮魚）,,03-3533-5563
7089,0706,6,6,2160,高洋,高洋,コウヨウ,高洋(有),大物業会,大物業会（マグロ・カジキ類）,http://www.maguro-koyo.com,03-6633-5040
7090,0706,6,6,2160,高洋,高洋,コウヨウ,高洋(有),大物業会,大物業会（マグロ・カジキ類）,http://www.maguro-koyo.com,03-6633-5040
7091,0706,6,6,2160,高洋,高洋,コウヨウ,高洋(有),大物業会,大物業会（マグロ・カジキ類）,http://www.maguro-koyo.com,03-6633-5040
7092,0706,6,6,2160,高洋,高洋,コウヨウ,高洋(有),大物業会,大物業会（マグロ・カジキ類）,http://www.maguro-koyo.com,03-6633-5040
7093,0706,6,6,2704,崇寿,岩太,タカヒサ,(株)岩太,無所属,無所属,,03-6633-5988
7094,0706,6,6,2704,崇寿,岩太,タカヒサ,(株)岩太,無所属,無所属,,03-6633-5988
7095,0707,6,7,2704,崇寿,岩太,タカヒサ,(株)岩太,無所属,無所属,,03-6633-5988
7096,0707,6,7,4901,八雲水産,八雲水産,ヤクモスイサン,(株)八雲水産,無所属,無所属,,090-7279-8726（公開）
7097,0707,6,7,5325,渡辺水産,渡辺水産,ワタナベスイサン,(有)渡辺水産,海老協会,海老協会（活・生鮮・冷凍エビ）,,03-6633-0355
7098,0707,6,7,2430,鈴兼,築地中眞,スズカネ,(有)築地中眞,鮮魚業会,鮮魚業会（鮮魚全般）,,03-6633-4420
7099,0707,6,7,4063,藤弘,藤弘,フジヒロ,(株)藤弘,無所属,無所属,,03-6636-5124
7100,0707,6,7,3343,内藤,内藤,ナイトウ,(有)内藤,大物業会,大物業会（マグロ・カジキ類）,,03-6633-4267
7101,0707,6,7,2114,小善,小善,コゼン,(株)小善,特種物業会,特種物業会（活魚・貝類・高級鮮魚）,,03-6633-4477
7102,0707,6,7,2114,小善,小善,コゼン,(株)小善,特種物業会,特種物業会（活魚・貝類・高級鮮魚）,,03-6633-4477
7103,0707,6,7,2114,小善,小善,コゼン,(株)小善,特種物業会,特種物業会（活魚・貝類・高級鮮魚）,,03-6633-4477
7104,0707,6,7,2114,小善,小善,コゼン,(株)小善,特種物業会,特種物業会（活魚・貝類・高級鮮魚）,,03-6633-4477
7105,0707,6,7,2114,小善,小善,コゼン,(株)小善,特種物業会,特種物業会（活魚・貝類・高級鮮魚）,,03-6633-4477
7106,0707,6,7,2114,小善,小善,コゼン,(株)小善,特種物業会,特種物業会（活魚・貝類・高級鮮魚）,,03-6633-4477
7107,0707,6,7,4363,丸定,丸定,マルサダ,(有)丸定,海老協会,海老協会（活・生鮮・冷凍エビ）,,03-6633-4031
7108,0707,6,7,1537,尾道,尾道商店,オミチ,(有)尾道商店,特種物業会,特種物業会（活魚・貝類・高級鮮魚）,,03-6633-5980
7109,0707,6,7,1537,尾道,尾道商店,オミチ,(有)尾道商店,特種物業会,特種物業会（活魚・貝類・高級鮮魚）,,03-6633-5980
7110,0707,6,7,1537,尾道,尾道商店,オミチ,(有)尾道商店,特種物業会,特種物業会（活魚・貝類・高級鮮魚）,,03-6633-5980
7111,0708,6,8,2701,大豊,築地大豊,ダイトヨ,(株)築地大豊,特種物業会,特種物業会（活魚・貝類・高級鮮魚）,,03-5547-2727
7112,0708,6,8,2701,大豊,築地大豊,ダイトヨ,(株)築地大豊,特種物業会,特種物業会（活魚・貝類・高級鮮魚）,,03-5547-2727
7113,0708,6,8,2701,大豊,築地大豊,ダイトヨ,(株)築地大豊,特種物業会,特種物業会（活魚・貝類・高級鮮魚）,,03-5547-2727
7114,0708,6,8,2701,大豊,築地大豊,ダイトヨ,(株)築地大豊,特種物業会,特種物業会（活魚・貝類・高級鮮魚）,,03-5547-2727
7115,0708,6,8,2701,大豊,築地大豊,ダイトヨ,(株)築地大豊,特種物業会,特種物業会（活魚・貝類・高級鮮魚）,,03-5547-2727
7116,0708,6,8,2701,大豊,築地大豊,ダイトヨ,(株)築地大豊,特種物業会,特種物業会（活魚・貝類・高級鮮魚）,,03-5547-2727
7117,0708,6,8,3019,佃亀新,佃亀新商店,ツクカメシン,(有)佃亀新商店,鮮魚業会,鮮魚業会（鮮魚全般）,,03-6633-5833
7118,0708,6,8,3019,佃亀新,佃亀新商店,ツクカメシン,(有)佃亀新商店,鮮魚業会,鮮魚業会（鮮魚全般）,,03-6633-5833
7119,0708,6,8,1683,川合水産,川合水産,カワイスイサン,(有)川合水産,無所属,無所属,,03-6633-5656
7120,0708,6,8,1683,川合水産,川合水産,カワイスイサン,(有)川合水産,無所属,無所属,,03-6633-5656
7121,0708,6,8,2736,大仲,大仲,ダイナカ,(株)大仲,特種物業会,特種物業会（活魚・貝類・高級鮮魚）,http://www.tsukiji-dainaka.com,03-6633-5688
7122,0708,6,8,2736,大仲,大仲,ダイナカ,(株)大仲,特種物業会,特種物業会（活魚・貝類・高級鮮魚）,http://www.tsukiji-dainaka.com,03-6633-5688
7123,0708,6,8,2736,大仲,大仲,ダイナカ,(株)大仲,特種物業会,特種物業会（活魚・貝類・高級鮮魚）,http://www.tsukiji-dainaka.com,03-6633-5688
7124,0708,6,8,2736,大仲,大仲,ダイナカ,(株)大仲,特種物業会,特種物業会（活魚・貝類・高級鮮魚）,http://www.tsukiji-dainaka.com,03-6633-5688
7125,0708,6,8,2736,大仲,大仲,ダイナカ,(株)大仲,特種物業会,特種物業会（活魚・貝類・高級鮮魚）,http://www.tsukiji-dainaka.com,03-6633-5688
7126,0708,6,8,2736,大仲,大仲,ダイナカ,(株)大仲,特種物業会,特種物業会（活魚・貝類・高級鮮魚）,http://www.tsukiji-dainaka.com,03-6633-5688
7127,0709,6,9,2285,三富,三富新開水産,サントミ,(有)三富新開水産,鮮魚業会 / 特種物業会,鮮魚業会（鮮魚全般） / 特種物業会（活魚・貝類・高級鮮魚）,,03-6633-5221
7128,0709,6,9,2285,三富,三富新開水産,サントミ,(有)三富新開水産,鮮魚業会 / 特種物業会,鮮魚業会（鮮魚全般） / 特種物業会（活魚・貝類・高級鮮魚）,,03-6633-5221
7129,0709,6,9,2285,三富,三富新開水産,サントミ,(有)三富新開水産,鮮魚業会 / 特種物業会,鮮魚業会（鮮魚全般） / 特種物業会（活魚・貝類・高級鮮魚）,,03-6633-5221
7130,0709,6,9,2285,三富,三富新開水産,サントミ,(有)三富新開水産,鮮魚業会 / 特種物業会,鮮魚業会（鮮魚全般） / 特種物業会（活魚・貝類・高級鮮魚）,,03-6633-5221
7139,0710,6,9,4457,マル半佃寅,丸半佃寅,マルハンツクトラ,(有)丸半佃寅,大物業会 / 海老協会,大物業会（マグロ・カジキ類） / 海老協会（活・生鮮・冷凍エビ）,,03-6633-5790
7140,0710,6,9,4457,マル半佃寅,丸半佃寅,マルハンツクトラ,(有)丸半佃寅,大物業会 / 海老協会,大物業会（マグロ・カジキ類） / 海老協会（活・生鮮・冷凍エビ）,,03-6633-5790
7141,0710,6,9,3220,富ツネ,富ツネ,トミツネ,(有)富ツネ,大物業会,大物業会（マグロ・カジキ類）,,03-6633-5225
7142,0710,6,9,3220,富ツネ,富ツネ,トミツネ,(有)富ツネ,大物業会,大物業会（マグロ・カジキ類）,,03-6633-5225
7143,0710,6,9,1577,王滝水産,王滝水産,オウタキスイサン,(株)王滝水産,無所属,無所属,,090-8328-5441
7144,0710,6,9,1577,王滝水産,王滝水産,オウタキスイサン,(株)王滝水産,無所属,無所属,,090-8328-5441
7145,0710,6,9,4991,やまふ水産,やまふ水産,ヤマフスイサン,(株)やまふ水産,大物業会 / 特種物業会,大物業会（マグロ・カジキ類） / 特種物業会（活魚・貝類・高級鮮魚）,,03-5144-0361
7146,0710,6,9,4991,やまふ水産,やまふ水産,ヤマフスイサン,(株)やまふ水産,大物業会 / 特種物業会,大物業会（マグロ・カジキ類） / 特種物業会（活魚・貝類・高級鮮魚）,,03-5144-0361
8001,0801,5,1,5063,結乃花,結乃花,ユノカ,結乃花(有),無所属,無所属,,03-6633-4106
8002,0801,5,1,5063,結乃花,結乃花,ユノカ,結乃花(有),無所属,無所属,,03-6633-4106
8003,0801,5,1,5063,結乃花,結乃花,ユノカ,結乃花(有),無所属,無所属,,03-6633-4106
8004,0801,5,1,1656,神奈辰,神奈辰,カナタツ,(株)神奈辰,特種物業会,特種物業会（活魚・貝類・高級鮮魚）,,03-6633-4667
8005,0801,5,1,1656,神奈辰,神奈辰,カナタツ,(株)神奈辰,特種物業会,特種物業会（活魚・貝類・高級鮮魚）,,03-6633-4667
8006,0801,5,1,1656,神奈辰,神奈辰,カナタツ,(株)神奈辰,特種物業会,特種物業会（活魚・貝類・高級鮮魚）,,03-6633-4667
8007,0801,5,1,1656,神奈辰,神奈辰,カナタツ,(株)神奈辰,特種物業会,特種物業会（活魚・貝類・高級鮮魚）,,03-6633-4667
8008,0801,5,1,2336,白井,白井水産,シライ,(株)白井水産,鮮魚業会 / 伊勢海老組合,鮮魚業会（鮮魚全般） / 伊勢海老組合（伊勢海老）,,03-6636-4801
8009,0801,5,1,2336,白井,白井水産,シライ,(株)白井水産,鮮魚業会 / 伊勢海老組合,鮮魚業会（鮮魚全般） / 伊勢海老組合（伊勢海老）,,03-6636-4801
8010,0801,5,1,2336,白井,白井水産,シライ,(株)白井水産,鮮魚業会 / 伊勢海老組合,鮮魚業会（鮮魚全般） / 伊勢海老組合（伊勢海老）,,03-6636-4801
8011,0801,5,1,3246,虎勇,虎勇,トラユウ,(株)虎勇,鮮魚業会,鮮魚業会（鮮魚全般）,,03-6633-5075
8012,0801,5,1,3246,虎勇,虎勇,トラユウ,(株)虎勇,鮮魚業会,鮮魚業会（鮮魚全般）,,03-6633-5075
8013,0801,5,1,4969,山和,山和,ヤマワ,(株)山和,大物業会,大物業会（マグロ・カジキ類）,http://www.yamawa-maguro.co.jp,03-6633-4173
8014,0801,5,1,4969,山和,山和,ヤマワ,(株)山和,大物業会,大物業会（マグロ・カジキ類）,http://www.yamawa-maguro.co.jp,03-6633-4173
8015,0802,5,2,1575,岡善,岡善,オカゼン,(有)岡善,特種物業会,特種物業会（活魚・貝類・高級鮮魚）,,03-6633-5510
8016,0802,5,2,1575,岡善,岡善,オカゼン,(有)岡善,特種物業会,特種物業会（活魚・貝類・高級鮮魚）,,03-6633-5510
8017,0802,5,2,2513,瀬古,瀬古,セコ,(株)瀬古,合物業会,合物業会（干物・魚漬け・加工品）,http://www.tsukiji-seko.co.jp,03-6633-5577
8018,0802,5,2,2513,瀬古,瀬古,セコ,(株)瀬古,合物業会,合物業会（干物・魚漬け・加工品）,http://www.tsukiji-seko.co.jp,03-6633-5577
8019,0802,5,2,2903,高英,高英,タカヒデ,(株)高英,大物業会,大物業会（マグロ・カジキ類）,,03-6633-4440
8020,0802,5,2,2903,高英,高英,タカヒデ,(株)高英,大物業会,大物業会（マグロ・カジキ類）,,03-6633-4440
8021,0802,5,2,1192,泉寅,泉寅,イズトラ,(有)泉寅,大物業会,大物業会（マグロ・カジキ類）,,03-6633-4665
8022,0802,5,2,1192,泉寅,泉寅,イズトラ,(有)泉寅,大物業会,大物業会（マグロ・カジキ類）,,03-6633-4665
8023,0802,5,2,4821,モリヤ,モリヤ,モリヤ,(株)モリヤ,北洋物業会,北洋物業会（鮭鱒・魚卵・冷凍品）,,03-6633-4552
8024,0802,5,2,2286,三昌,三昌,サンショウ,(株)三昌,大物業会,大物業会（マグロ・カジキ類）,,03-6633-4542
8025,0802,5,2,1168,イソベ,イソベ,イソベ,(株)イソベ,大物業会,大物業会（マグロ・カジキ類）,,03-6633-0125
8026,0802,5,2,1168,イソベ,イソベ,イソベ,(株)イソベ,大物業会,大物業会（マグロ・カジキ類）,,03-6633-0125
8027,0802,5,2,1168,イソベ,イソベ,イソベ,(株)イソベ,大物業会,大物業会（マグロ・カジキ類）,,03-6633-0125
8028,0802,5,2,1168,イソベ,イソベ,イソベ,(株)イソベ,大物業会,大物業会（マグロ・カジキ類）,,03-6633-0125
8029,0802,5,2,1028,明藤,明藤商店,アカトウ,(有)明藤商店,合物業会 / 塩干魚業会,合物業会（干物・魚漬け・加工品） / 塩干魚業会（シラス・乾物・珍味）,,03-6633-5168
8030,0802,5,2,1028,明藤,明藤商店,アカトウ,(有)明藤商店,合物業会 / 塩干魚業会,合物業会（干物・魚漬け・加工品） / 塩干魚業会（シラス・乾物・珍味）,,03-6633-5168
8031,0803,5,3,5322,渡辺,渡辺商店,ワタナベ,(株)渡辺商店,鮮魚業会 / 特種物業会,鮮魚業会（鮮魚全般） / 特種物業会（活魚・貝類・高級鮮魚）,,03-6633-4470、03-6633-4400
8032,0803,5,3,5322,渡辺,渡辺商店,ワタナベ,(株)渡辺商店,鮮魚業会 / 特種物業会,鮮魚業会（鮮魚全般） / 特種物業会（活魚・貝類・高級鮮魚）,,03-6633-4470、03-6633-4400
8033,0803,5,3,4388,マルイチ北海屋,丸一北海屋,マルイチホッカイヤ,(株)丸一北海屋,大物業会 / 北洋物業会 / 塩干魚業会 / 合物業会,大物業会（マグロ・カジキ類） / 北洋物業会（鮭鱒・魚卵・冷凍品） / 塩干魚業会（シラス・乾物・珍味） / 合物業会（干物・魚漬け・加工品）,,03-6633-5730
8034,0803,5,3,4388,マルイチ北海屋,丸一北海屋,マルイチホッカイヤ,(株)丸一北海屋,大物業会 / 北洋物業会 / 塩干魚業会 / 合物業会,大物業会（マグロ・カジキ類） / 北洋物業会（鮭鱒・魚卵・冷凍品） / 塩干魚業会（シラス・乾物・珍味） / 合物業会（干物・魚漬け・加工品）,,03-6633-5730
8035,0803,5,3,1337,ウエケン,ウエケン,ウエケン,(株)ウエケン,特種物業会,特種物業会（活魚・貝類・高級鮮魚）,,03-6633-4828
8036,0803,5,3,4937,山五,山五商店,ヤマゴ,(有)山五商店,特種物業会,特種物業会（活魚・貝類・高級鮮魚）,,03-6633-5600
8037,0803,5,3,4937,山五,山五商店,ヤマゴ,(有)山五商店,特種物業会,特種物業会（活魚・貝類・高級鮮魚）,,03-6633-5600
8038,0803,5,3,4937,山五,山五商店,ヤマゴ,(有)山五商店,特種物業会,特種物業会（活魚・貝類・高級鮮魚）,,03-6633-5600
8039,0803,5,3,4937,山五,山五商店,ヤマゴ,(有)山五商店,特種物業会,特種物業会（活魚・貝類・高級鮮魚）,,03-6633-5600
8040,0803,5,3,4937,山五,山五商店,ヤマゴ,(有)山五商店,特種物業会,特種物業会（活魚・貝類・高級鮮魚）,,03-6633-5600
8041,0803,5,3,1337,ウエケン,ウエケン,ウエケン,(株)ウエケン,特種物業会,特種物業会（活魚・貝類・高級鮮魚）,,03-6633-4828
8042,0803,5,3,2310,篠一,篠一,シノイチ,(有)篠一,特種物業会,特種物業会（活魚・貝類・高級鮮魚）,,03-6633-4011
8043,0803,5,3,2729,大閣,大閣,ダイカク,(有)大閣,大物業会,大物業会（マグロ・カジキ類）,,03-6633-4004
8044,0803,5,3,2729,大閣,大閣,ダイカク,(有)大閣,大物業会,大物業会（マグロ・カジキ類）,,03-6633-4004
8045,0803,5,3,2729,大閣,大閣,ダイカク,(有)大閣,大物業会,大物業会（マグロ・カジキ類）,,03-6633-4004
8046,0803,5,3,2729,大閣,大閣,ダイカク,(有)大閣,大物業会,大物業会（マグロ・カジキ類）,,03-6633-4004
8047,0804,5,4,1920,蔵立,蔵立,クラタツ,(有)蔵立,特種物業会,特種物業会（活魚・貝類・高級鮮魚）,,03-6633-4134
8048,0804,5,4,1920,蔵立,蔵立,クラタツ,(有)蔵立,特種物業会,特種物業会（活魚・貝類・高級鮮魚）,,03-6633-4134
8049,0804,5,4,1920,蔵立,蔵立,クラタツ,(有)蔵立,特種物業会,特種物業会（活魚・貝類・高級鮮魚）,,03-6633-4134
8050,0804,5,4,1920,蔵立,蔵立,クラタツ,(有)蔵立,特種物業会,特種物業会（活魚・貝類・高級鮮魚）,,03-6633-4134
8051,0804,5,4,1920,蔵立,蔵立,クラタツ,(有)蔵立,特種物業会,特種物業会（活魚・貝類・高級鮮魚）,,03-6633-4134
8052,0804,5,4,3345,ナンバ,ナンバ水産,ナンバ,(有)ナンバ水産,特種物業会,特種物業会（活魚・貝類・高級鮮魚）,http://nambasuisan.com/,03-6633-4060
8053,0804,5,4,3345,ナンバ,ナンバ水産,ナンバ,(有)ナンバ水産,特種物業会,特種物業会（活魚・貝類・高級鮮魚）,http://nambasuisan.com/,03-6633-4060
8054,0804,5,4,3345,ナンバ,ナンバ水産,ナンバ,(有)ナンバ水産,特種物業会,特種物業会（活魚・貝類・高級鮮魚）,http://nambasuisan.com/,03-6633-4060
8055,0804,5,4,2906,高梨水産,高梨水産,タカナシスイサン,(有)高梨水産,海老協会,海老協会（活・生鮮・冷凍エビ）,,03-6633-4710
8056,0804,5,4,2906,高梨水産,高梨水産,タカナシスイサン,(有)高梨水産,海老協会,海老協会（活・生鮮・冷凍エビ）,,03-6633-4710
8057,0804,5,4,2728,大信,ダイノブ,ダイノブ,(有)ダイノブ,大物業会,大物業会（マグロ・カジキ類）,,03-6633-5121
8058,0804,5,4,2728,大信,ダイノブ,ダイノブ,(有)ダイノブ,大物業会,大物業会（マグロ・カジキ類）,,03-6633-5121
8059,0804,5,4,2728,大信,ダイノブ,ダイノブ,(有)ダイノブ,大物業会,大物業会（マグロ・カジキ類）,,03-6633-5121
8060,0804,5,4,2728,大信,ダイノブ,ダイノブ,(有)ダイノブ,大物業会,大物業会（マグロ・カジキ類）,,03-6633-5121
8061,0804,5,4,2728,大信,ダイノブ,ダイノブ,(有)ダイノブ,大物業会,大物業会（マグロ・カジキ類）,,03-6633-5121
8062,0804,5,4,2728,大信,ダイノブ,ダイノブ,(有)ダイノブ,大物業会,大物業会（マグロ・カジキ類）,,03-6633-5121
8063,0805,5,5,3444,ニシエー,ニシエー,ニシエー,(株)ニシエー,無所属,無所属,,03-6633-5530
8064,0805,5,5,3443,西山水産,西山水産,ニシヤマスイサン,西山水産(株),北洋物業会,北洋物業会（鮭鱒・魚卵・冷凍品）,,03-6633-7932
8065,0805,5,5,3443,西山水産,西山水産,ニシヤマスイサン,西山水産(株),北洋物業会,北洋物業会（鮭鱒・魚卵・冷凍品）,,03-6633-7932
8066,0805,5,5,3443,西山水産,西山水産,ニシヤマスイサン,西山水産(株),北洋物業会,北洋物業会（鮭鱒・魚卵・冷凍品）,,03-6633-7932
8067,0805,5,5,4974,ヤマ一村田,村田物産,ヤマイチムラタ,(有)村田物産,塩干魚業会,塩干魚業会（シラス・乾物・珍味）,,03-6633-5471
8068,0805,5,5,4974,ヤマ一村田,村田物産,ヤマイチムラタ,(有)村田物産,塩干魚業会,塩干魚業会（シラス・乾物・珍味）,,03-6633-5471
8069,0805,5,5,4453,丸茂,丸茂,マルシゲ,(有)丸茂,大物業会,大物業会（マグロ・カジキ類）,,03-6633-5190
8070,0805,5,5,4453,丸茂,丸茂,マルシゲ,(有)丸茂,大物業会,大物業会（マグロ・カジキ類）,,03-6633-5190
8071,0805,5,5,4913,矢島,矢島,ヤジマ,(株)矢島,大物業会,大物業会（マグロ・カジキ類）,,03-6633-4913
8072,0805,5,5,4913,矢島,矢島,ヤジマ,(株)矢島,大物業会,大物業会（マグロ・カジキ類）,,03-6633-4913
8073,0805,5,5,4472,松林水産,松林水産,マツバヤシスイサン,(株)松林水産,大物業会,大物業会（マグロ・カジキ類）,,03-6633-5321
8074,0805,5,5,4472,松林水産,松林水産,マツバヤシスイサン,(株)松林水産,大物業会,大物業会（マグロ・カジキ類）,,03-6633-5321
8075,0805,5,5,2778,大元,大元商店,ダイモト,(有)大元商店,大物業会 / 特種物業会,大物業会（マグロ・カジキ類） / 特種物業会（活魚・貝類・高級鮮魚）,https://daimoto.net/,03-6633-4117
8076,0805,5,5,2778,大元,大元商店,ダイモト,(有)大元商店,大物業会 / 特種物業会,大物業会（マグロ・カジキ類） / 特種物業会（活魚・貝類・高級鮮魚）,https://daimoto.net/,03-6633-4117
8077,0805,5,5,2778,大元,大元商店,ダイモト,(有)大元商店,大物業会 / 特種物業会,大物業会（マグロ・カジキ類） / 特種物業会（活魚・貝類・高級鮮魚）,https://daimoto.net/,03-6633-4117
8078,0805,5,5,2778,大元,大元商店,ダイモト,(有)大元商店,大物業会 / 特種物業会,大物業会（マグロ・カジキ類） / 特種物業会（活魚・貝類・高級鮮魚）,https://daimoto.net/,03-6633-4117
8079,0806,5,6,4356,丸健,丸健,マルケン,(株)丸健,特種物業会,特種物業会（活魚・貝類・高級鮮魚）,,03-6636-5153
8080,0806,5,6,4356,丸健,丸健,マルケン,(株)丸健,特種物業会,特種物業会（活魚・貝類・高級鮮魚）,,03-6636-5153
8081,0806,5,6,2730,大長商店,大長商店,ダイチョウショウテン,(有)大長商店,大物業会,大物業会（マグロ・カジキ類）,,03-6633-4023
8082,0806,5,6,2730,大長商店,大長商店,ダイチョウショウテン,(有)大長商店,大物業会,大物業会（マグロ・カジキ類）,,03-6633-4023
8083,0806,5,6,1635,カネキ,カネキ,カネキ,(有)カネキ,淡水魚組合 / 特種物業会,淡水魚組合（ウナギ・ドジョウ・鯉） / 特種物業会（活魚・貝類・高級鮮魚）,,03-6633-6000
8084,0806,5,6,1635,カネキ,カネキ,カネキ,(有)カネキ,淡水魚組合 / 特種物業会,淡水魚組合（ウナギ・ドジョウ・鯉） / 特種物業会（活魚・貝類・高級鮮魚）,,03-6633-6000
8085,0806,5,6,2829,高邦,高邦水産,タカクニ,高邦水産(株),鮮魚業会,鮮魚業会（鮮魚全般）,http://www.takakuni-suisan.jp/,03-6633-5875
8086,0806,5,6,2829,高邦,高邦水産,タカクニ,高邦水産(株),鮮魚業会,鮮魚業会（鮮魚全般）,http://www.takakuni-suisan.jp/,03-6633-5875
8087,0806,5,6,2829,高邦,高邦水産,タカクニ,高邦水産(株),鮮魚業会,鮮魚業会（鮮魚全般）,http://www.takakuni-suisan.jp/,03-6633-5875
8088,0806,5,6,2829,高邦,高邦水産,タカクニ,高邦水産(株),鮮魚業会,鮮魚業会（鮮魚全般）,http://www.takakuni-suisan.jp/,03-6633-5875
8089,0806,5,6,2829,高邦,高邦水産,タカクニ,高邦水産(株),鮮魚業会,鮮魚業会（鮮魚全般）,http://www.takakuni-suisan.jp/,03-6633-5875
8090,0806,5,6,2829,高邦,高邦水産,タカクニ,高邦水産(株),鮮魚業会,鮮魚業会（鮮魚全般）,http://www.takakuni-suisan.jp/,03-6633-5875
8091,0806,5,6,2829,高邦,高邦水産,タカクニ,高邦水産(株),鮮魚業会,鮮魚業会（鮮魚全般）,http://www.takakuni-suisan.jp/,03-6633-5875
8092,0806,5,6,2829,高邦,高邦水産,タカクニ,高邦水産(株),鮮魚業会,鮮魚業会（鮮魚全般）,http://www.takakuni-suisan.jp/,03-6633-5875
8093,0806,5,6,3440,日栄水産,日栄水産,ニチエイスイサン,(株)日栄水産,海老協会,海老協会（活・生鮮・冷凍エビ）,,03-6633-4443
8094,0806,5,6,3440,日栄水産,日栄水産,ニチエイスイサン,(株)日栄水産,海老協会,海老協会（活・生鮮・冷凍エビ）,,03-6633-4443
8095,0807,5,7,1331,浦安田代,浦安田代水産,ウラヤスタシロ,(株)浦安田代水産,特種物業会,特種物業会（活魚・貝類・高級鮮魚）,,03-6633-0022
8096,0807,5,7,1331,浦安田代,浦安田代水産,ウラヤスタシロ,(株)浦安田代水産,特種物業会,特種物業会（活魚・貝類・高級鮮魚）,,03-6633-0022
8097,0807,5,7,1331,浦安田代,浦安田代水産,ウラヤスタシロ,(株)浦安田代水産,特種物業会,特種物業会（活魚・貝類・高級鮮魚）,,03-6633-0022
8098,0807,5,7,1331,浦安田代,浦安田代水産,ウラヤスタシロ,(株)浦安田代水産,特種物業会,特種物業会（活魚・貝類・高級鮮魚）,,03-6633-0022
8099,0807,5,7,1331,浦安田代,浦安田代水産,ウラヤスタシロ,(株)浦安田代水産,特種物業会,特種物業会（活魚・貝類・高級鮮魚）,,03-6633-0022
8100,0807,5,7,3343,内藤,内藤,ナイトウ,(有)内藤,大物業会,大物業会（マグロ・カジキ類）,,03-6633-4267
8101,0807,5,7,2299,三輝,三輝,サンキ,(株)三輝,特種物業会,特種物業会（活魚・貝類・高級鮮魚）,,03-6633-4012
8102,0807,5,7,2299,三輝,三輝,サンキ,(株)三輝,特種物業会,特種物業会（活魚・貝類・高級鮮魚）,,03-6633-4012
8103,0807,5,7,2834,髙須,髙須商店,タカス,(株)髙須商店,塩干魚業会,塩干魚業会（シラス・乾物・珍味）,,03-6633-4416
8104,0807,5,7,2834,髙須,髙須商店,タカス,(株)髙須商店,塩干魚業会,塩干魚業会（シラス・乾物・珍味）,,03-6633-4416
8105,0807,5,7,3119,手源,手源,テゲン,(有)手源,特種物業会 / 鮮魚業会,特種物業会（活魚・貝類・高級鮮魚） / 鮮魚業会（鮮魚全般）,,03-6633-4900
8106,0807,5,7,3119,手源,手源,テゲン,(有)手源,特種物業会 / 鮮魚業会,特種物業会（活魚・貝類・高級鮮魚） / 鮮魚業会（鮮魚全般）,,03-6633-4900
8107,0807,5,7,3343,内藤,内藤,ナイトウ,(有)内藤,大物業会,大物業会（マグロ・カジキ類）,,03-6633-4267
8108,0807,5,7,3343,内藤,内藤,ナイトウ,(有)内藤,大物業会,大物業会（マグロ・カジキ類）,,03-6633-4267
8109,0807,5,7,3343,内藤,内藤,ナイトウ,(有)内藤,大物業会,大物業会（マグロ・カジキ類）,,03-6633-4267
8110,0807,5,7,3343,内藤,内藤,ナイトウ,(有)内藤,大物業会,大物業会（マグロ・カジキ類）,,03-6633-4267
8111,0808,5,8,1062,アツミ水産,アツミ水産,アツミスイサン,(株)アツミ水産,大物業会,大物業会（マグロ・カジキ類）,http://cosmo-atsumi.jp/,03-6633-5959
8112,0808,5,8,1062,アツミ水産,アツミ水産,アツミスイサン,(株)アツミ水産,大物業会,大物業会（マグロ・カジキ類）,http://cosmo-atsumi.jp/,03-6633-5959
8113,0808,5,8,3840,濱翔,築地濱翔,ハマショウ,築地濱翔(株),大物業会,大物業会（マグロ・カジキ類）,,03-6633-4066
8114,0808,5,8,3840,濱翔,築地濱翔,ハマショウ,築地濱翔(株),大物業会,大物業会（マグロ・カジキ類）,,03-6633-4066
8115,0808,5,8,3840,濱翔,築地濱翔,ハマショウ,築地濱翔(株),大物業会,大物業会（マグロ・カジキ類）,,03-6633-4066
8116,0808,5,8,3840,濱翔,築地濱翔,ハマショウ,築地濱翔(株),大物業会,大物業会（マグロ・カジキ類）,,03-6633-4066
8117,0808,5,8,3840,濱翔,築地濱翔,ハマショウ,築地濱翔(株),大物業会,大物業会（マグロ・カジキ類）,,03-6633-4066
8118,0808,5,8,1059,旭水産,旭水産,アサヒスイサン,旭水産(株),特種物業会,特種物業会（活魚・貝類・高級鮮魚）,https://asahisuisan.co.jp,03-6633-4114
8119,0808,5,8,1059,旭水産,旭水産,アサヒスイサン,旭水産(株),特種物業会,特種物業会（活魚・貝類・高級鮮魚）,https://asahisuisan.co.jp,03-6633-4114
8120,0808,5,8,1059,旭水産,旭水産,アサヒスイサン,旭水産(株),特種物業会,特種物業会（活魚・貝類・高級鮮魚）,https://asahisuisan.co.jp,03-6633-4114
8121,0808,5,8,1059,旭水産,旭水産,アサヒスイサン,旭水産(株),特種物業会,特種物業会（活魚・貝類・高級鮮魚）,https://asahisuisan.co.jp,03-6633-4114
8122,0808,5,8,1059,旭水産,旭水産,アサヒスイサン,旭水産(株),特種物業会,特種物業会（活魚・貝類・高級鮮魚）,https://asahisuisan.co.jp,03-6633-4114
8123,0808,5,8,1059,旭水産,旭水産,アサヒスイサン,旭水産(株),特種物業会,特種物業会（活魚・貝類・高級鮮魚）,https://asahisuisan.co.jp,03-6633-4114
8124,0808,5,8,1059,旭水産,旭水産,アサヒスイサン,旭水産(株),特種物業会,特種物業会（活魚・貝類・高級鮮魚）,https://asahisuisan.co.jp,03-6633-4114
8125,0808,5,8,1059,旭水産,旭水産,アサヒスイサン,旭水産(株),特種物業会,特種物業会（活魚・貝類・高級鮮魚）,https://asahisuisan.co.jp,03-6633-4114
8126,0808,5,8,1059,旭水産,旭水産,アサヒスイサン,旭水産(株),特種物業会,特種物業会（活魚・貝類・高級鮮魚）,https://asahisuisan.co.jp,03-6633-4114
8127,0809,5,9,2285,三富,三富新開水産,サントミ,(有)三富新開水産,鮮魚業会 / 特種物業会,鮮魚業会（鮮魚全般） / 特種物業会（活魚・貝類・高級鮮魚）,,03-6633-5221
8128,0809,5,9,2285,三富,三富新開水産,サントミ,(有)三富新開水産,鮮魚業会 / 特種物業会,鮮魚業会（鮮魚全般） / 特種物業会（活魚・貝類・高級鮮魚）,,03-6633-5221
8129,0809,5,9,2285,三富,三富新開水産,サントミ,(有)三富新開水産,鮮魚業会 / 特種物業会,鮮魚業会（鮮魚全般） / 特種物業会（活魚・貝類・高級鮮魚）,,03-6633-5221
8130,0809,5,9,2285,三富,三富新開水産,サントミ,(有)三富新開水産,鮮魚業会 / 特種物業会,鮮魚業会（鮮魚全般） / 特種物業会（活魚・貝類・高級鮮魚）,,03-6633-5221
8131,0809,5,9,2240,堺周,堺周商店,サカシュウ,(株)堺周商店,鮮魚業会 / 大物業会 / 特種物業会,鮮魚業会（鮮魚全般） / 大物業会（マグロ・カジキ類） / 特種物業会（活魚・貝類・高級鮮魚）,http://www.sakasyu.com,03-5144-5750
8132,0809,5,9,2240,堺周,堺周商店,サカシュウ,(株)堺周商店,鮮魚業会 / 大物業会 / 特種物業会,鮮魚業会（鮮魚全般） / 大物業会（マグロ・カジキ類） / 特種物業会（活魚・貝類・高級鮮魚）,http://www.sakasyu.com,03-5144-5750
8133,0809,5,9,2240,堺周,堺周商店,サカシュウ,(株)堺周商店,鮮魚業会 / 大物業会 / 特種物業会,鮮魚業会（鮮魚全般） / 大物業会（マグロ・カジキ類） / 特種物業会（活魚・貝類・高級鮮魚）,http://www.sakasyu.com,03-5144-5750
8134,0809,5,9,2240,堺周,堺周商店,サカシュウ,(株)堺周商店,鮮魚業会 / 大物業会 / 特種物業会,鮮魚業会（鮮魚全般） / 大物業会（マグロ・カジキ類） / 特種物業会（活魚・貝類・高級鮮魚）,http://www.sakasyu.com,03-5144-5750
8135,0809,5,9,2240,堺周,堺周商店,サカシュウ,(株)堺周商店,鮮魚業会 / 大物業会 / 特種物業会,鮮魚業会（鮮魚全般） / 大物業会（マグロ・カジキ類） / 特種物業会（活魚・貝類・高級鮮魚）,http://www.sakasyu.com,03-5144-5750
8136,0809,5,9,4991,やまふ水産,やまふ水産,ヤマフスイサン,(株)やまふ水産,大物業会 / 特種物業会,大物業会（マグロ・カジキ類） / 特種物業会（活魚・貝類・高級鮮魚）,,03-5144-0361
8137,0809,5,9,4991,やまふ水産,やまふ水産,ヤマフスイサン,(株)やまふ水産,大物業会 / 特種物業会,大物業会（マグロ・カジキ類） / 特種物業会（活魚・貝類・高級鮮魚）,,03-5144-0361
8138,0809,5,9,4991,やまふ水産,やまふ水産,ヤマフスイサン,(株)やまふ水産,大物業会 / 特種物業会,大物業会（マグロ・カジキ類） / 特種物業会（活魚・貝類・高級鮮魚）,,03-5144-0361
8139,0809,5,9,4991,やまふ水産,やまふ水産,ヤマフスイサン,(株)やまふ水産,大物業会 / 特種物業会,大物業会（マグロ・カジキ類） / 特種物業会（活魚・貝類・高級鮮魚）,,03-5144-0361
8140,0809,5,9,4991,やまふ水産,やまふ水産,ヤマフスイサン,(株)やまふ水産,大物業会 / 特種物業会,大物業会（マグロ・カジキ類） / 特種物業会（活魚・貝類・高級鮮魚）,,03-5144-0361
8141,0809,5,9,4991,やまふ水産,やまふ水産,ヤマフスイサン,(株)やまふ水産,大物業会 / 特種物業会,大物業会（マグロ・カジキ類） / 特種物業会（活魚・貝類・高級鮮魚）,,03-5144-0361
8142,0809,5,9,4991,やまふ水産,やまふ水産,ヤマフスイサン,(株)やまふ水産,大物業会 / 特種物業会,大物業会（マグロ・カジキ類） / 特種物業会（活魚・貝類・高級鮮魚）,,03-5144-0361
8143,0809,5,9,4991,やまふ水産,やまふ水産,ヤマフスイサン,(株)やまふ水産,大物業会 / 特種物業会,大物業会（マグロ・カジキ類） / 特種物業会（活魚・貝類・高級鮮魚）,,03-5144-0361
8144,0809,5,9,4991,やまふ水産,やまふ水産,ヤマフスイサン,(株)やまふ水産,大物業会 / 特種物業会,大物業会（マグロ・カジキ類） / 特種物業会（活魚・貝類・高級鮮魚）,,03-5144-0361
8145,0809,5,9,4991,やまふ水産,やまふ水産,ヤマフスイサン,(株)やまふ水産,大物業会 / 特種物業会,大物業会（マグロ・カジキ類） / 特種物業会（活魚・貝類・高級鮮魚）,,03-5144-0361
8146,0809,5,9,4991,やまふ水産,やまふ水産,ヤマフスイサン,(株)やまふ水産,大物業会 / 特種物業会,大物業会（マグロ・カジキ類） / 特種物業会（活魚・貝類・高級鮮魚）,,03-5144-0361
イ001,0901,4,1,4477,マルジン松茂,丸仁松茂,マルジンマツシゲ,(有)丸仁松茂,特種物業会,特種物業会（活魚・貝類・高級鮮魚）,,03-6633-5536
イ002,0901,4,1,4477,マルジン松茂,丸仁松茂,マルジンマツシゲ,(有)丸仁松茂,特種物業会,特種物業会（活魚・貝類・高級鮮魚）,,03-6633-5536
イ003,0901,4,1,4477,マルジン松茂,丸仁松茂,マルジンマツシゲ,(有)丸仁松茂,特種物業会,特種物業会（活魚・貝類・高級鮮魚）,,03-6633-5536
イ004,0901,4,1,4477,マルジン松茂,丸仁松茂,マルジンマツシゲ,(有)丸仁松茂,特種物業会,特種物業会（活魚・貝類・高級鮮魚）,,03-6633-5536
イ005,0901,4,1,4121,堀富水産,堀富水産,ホリトミスイサン,堀富水産(株),特種物業会,特種物業会（活魚・貝類・高級鮮魚）,,03-6633-5298
イ006,0901,4,1,4121,堀富水産,堀富水産,ホリトミスイサン,堀富水産(株),特種物業会,特種物業会（活魚・貝類・高級鮮魚）,,03-6633-5298
イ007,0901,4,1,1846,銀茂,銀茂,ギンシゲ,(株)銀茂,北洋物業会,北洋物業会（鮭鱒・魚卵・冷凍品）,,03-3520-9911
イ008,0901,4,1,1846,銀茂,銀茂,ギンシゲ,(株)銀茂,北洋物業会,北洋物業会（鮭鱒・魚卵・冷凍品）,,03-3520-9911
イ009,0901,4,1,1913,国吉,國吉,クニヨシ,(有)國吉,煉・加工品業会,煉・加工品業会（煉製品・おでん・惣菜）,,03-3520-9911
イ010,0901,4,1,1913,国吉,國吉,クニヨシ,(有)國吉,煉・加工品業会,煉・加工品業会（煉製品・おでん・惣菜）,,03-3520-9911
イ011,0901,4,1,4449,丸泉,丸泉水産,マルイズミ,丸泉水産(株),無所属,無所属,https://www.m-mart.co.jp/,03-6633-5885
イ012,0901,4,1,4055,布長,布長,フチョウ,(株)布長,大物業会,大物業会（マグロ・カジキ類）,https://www.m-mart.co.jp/,03-6633-5885
イ013,0901,4,1,4055,布長,布長,フチョウ,(株)布長,大物業会,大物業会（マグロ・カジキ類）,https://www.m-mart.co.jp/,03-6633-5885
イ014,0901,4,1,4055,布長,布長,フチョウ,(株)布長,大物業会,大物業会（マグロ・カジキ類）,https://www.m-mart.co.jp/,03-6633-5885
イ015,0902,4,2,2221,佐和久,佐和久,サワキュウ,(株)佐和久,鮮魚業会 / 大物業会,鮮魚業会（鮮魚全般） / 大物業会（マグロ・カジキ類）,,03-6633-0389
イ016,0902,4,2,2221,佐和久,佐和久,サワキュウ,(株)佐和久,鮮魚業会 / 大物業会,鮮魚業会（鮮魚全般） / 大物業会（マグロ・カジキ類）,,03-6633-0389
イ017,0902,4,2,2221,佐和久,佐和久,サワキュウ,(株)佐和久,鮮魚業会 / 大物業会,鮮魚業会（鮮魚全般） / 大物業会（マグロ・カジキ類）,,03-6633-0389
イ018,0902,4,2,2221,佐和久,佐和久,サワキュウ,(株)佐和久,鮮魚業会 / 大物業会,鮮魚業会（鮮魚全般） / 大物業会（マグロ・カジキ類）,,03-6633-0389
イ019,0902,4,2,2221,佐和久,佐和久,サワキュウ,(株)佐和久,鮮魚業会 / 大物業会,鮮魚業会（鮮魚全般） / 大物業会（マグロ・カジキ類）,,03-6633-0389
イ020,0902,4,2,1913,国吉,國吉,クニヨシ,(有)國吉,煉・加工品業会,煉・加工品業会（煉製品・おでん・惣菜）,,03-3520-9911
イ021,0902,4,2,3078,築地かきよし,築地かきよし,ツキジカキヨシ,(株)築地かきよし,無所属,無所属,,03-6633-4322
イ022,0902,4,2,1818,紀留水産,紀留水産,キトメスイサン,(有)紀留水産,特種物業会,特種物業会（活魚・貝類・高級鮮魚）,,03-6633-4791
イ023,0902,4,2,1818,紀留水産,紀留水産,キトメスイサン,(有)紀留水産,特種物業会,特種物業会（活魚・貝類・高級鮮魚）,,03-6633-4791
イ024,0902,4,2,1818,紀留水産,紀留水産,キトメスイサン,(有)紀留水産,特種物業会,特種物業会（活魚・貝類・高級鮮魚）,,03-6633-4791
イ025,0902,4,2,4483,マルテル美濃桂,maruteru美濃桂,マルテルミノケイ,(株)maruteru美濃桂,特種物業会,特種物業会（活魚・貝類・高級鮮魚）,,03-6633-7938
イ026,0902,4,2,4483,マルテル美濃桂,maruteru美濃桂,マルテルミノケイ,(株)maruteru美濃桂,特種物業会,特種物業会（活魚・貝類・高級鮮魚）,,03-6633-7938
イ027,0902,4,2,4483,マルテル美濃桂,maruteru美濃桂,マルテルミノケイ,(株)maruteru美濃桂,特種物業会,特種物業会（活魚・貝類・高級鮮魚）,,03-6633-7938
イ028,0902,4,2,4483,マルテル美濃桂,maruteru美濃桂,マルテルミノケイ,(株)maruteru美濃桂,特種物業会,特種物業会（活魚・貝類・高級鮮魚）,,03-6633-7938
イ029,0902,4,2,4483,マルテル美濃桂,maruteru美濃桂,マルテルミノケイ,(株)maruteru美濃桂,特種物業会,特種物業会（活魚・貝類・高級鮮魚）,,03-6633-7938
イ030,0902,4,2,4483,マルテル美濃桂,maruteru美濃桂,マルテルミノケイ,(株)maruteru美濃桂,特種物業会,特種物業会（活魚・貝類・高級鮮魚）,,03-6633-7938
イ031,0903,4,3,3931,平高,平高商店,ヒラタカ,(有)平高商店,鮮魚業会,鮮魚業会（鮮魚全般）,,03-3533-5157
イ032,0903,4,3,3931,平高,平高商店,ヒラタカ,(有)平高商店,鮮魚業会,鮮魚業会（鮮魚全般）,,03-3533-5157
イ033,0903,4,3,3915,樋長,樋長,ヒチョウ,(株)樋長,大物業会,大物業会（マグロ・カジキ類）,http://www.hicho.co.jp,03-6633-5160、03-6633-5161
イ034,0903,4,3,3027,佃幸,佃幸,ツクコウ,(株)佃幸,無所属,無所属,,03-6633-5026
イ035,0903,4,3,1917,栗辰,栗辰,クリタツ,(有)栗辰,北洋物業会,北洋物業会（鮭鱒・魚卵・冷凍品）,,03-5548-2866
イ036,0903,4,3,2722,大市,大市水産,ダイイチ,大市水産(株),合物業会,合物業会（干物・魚漬け・加工品）,,03-6633-4816
イ037,0903,4,3,3074,佃友,佃友,ツクトモ,(株)佃友,特種物業会,特種物業会（活魚・貝類・高級鮮魚）,,03-6633-5945
イ038,0903,4,3,3074,佃友,佃友,ツクトモ,(株)佃友,特種物業会,特種物業会（活魚・貝類・高級鮮魚）,,03-6633-5945
イ039,0903,4,3,3074,佃友,佃友,ツクトモ,(株)佃友,特種物業会,特種物業会（活魚・貝類・高級鮮魚）,,03-6633-5945
イ040,0903,4,3,3074,佃友,佃友,ツクトモ,(株)佃友,特種物業会,特種物業会（活魚・貝類・高級鮮魚）,,03-6633-5945
イ041,0903,4,3,3074,佃友,佃友,ツクトモ,(株)佃友,特種物業会,特種物業会（活魚・貝類・高級鮮魚）,,03-6633-5945
イ042,0903,4,3,3074,佃友,佃友,ツクトモ,(株)佃友,特種物業会,特種物業会（活魚・貝類・高級鮮魚）,,03-6633-5945
イ043,0903,4,3,1147,伊勢粂,伊勢粂,イセクメ,(有)伊勢粂,塩干魚業会 / 特種物業会,塩干魚業会（シラス・乾物・珍味） / 特種物業会（活魚・貝類・高級鮮魚）,,03-6633-4144
イ044,0903,4,3,1147,伊勢粂,伊勢粂,イセクメ,(有)伊勢粂,塩干魚業会 / 特種物業会,塩干魚業会（シラス・乾物・珍味） / 特種物業会（活魚・貝類・高級鮮魚）,,03-6633-4144
イ045,0903,4,3,1147,伊勢粂,伊勢粂,イセクメ,(有)伊勢粂,塩干魚業会 / 特種物業会,塩干魚業会（シラス・乾物・珍味） / 特種物業会（活魚・貝類・高級鮮魚）,,03-6633-4144
イ046,0903,4,3,1147,伊勢粂,伊勢粂,イセクメ,(有)伊勢粂,塩干魚業会 / 特種物業会,塩干魚業会（シラス・乾物・珍味） / 特種物業会（活魚・貝類・高級鮮魚）,,03-6633-4144
イ047,0904,4,4,4945,山静,山静商店,ヤマシズ,(有)山静商店,特種物業会 / 伊勢海老組合,特種物業会（活魚・貝類・高級鮮魚） / 伊勢海老組合（伊勢海老）,,03-3533-3555
イ048,0904,4,4,4945,山静,山静商店,ヤマシズ,(有)山静商店,特種物業会 / 伊勢海老組合,特種物業会（活魚・貝類・高級鮮魚） / 伊勢海老組合（伊勢海老）,,03-3533-3555
イ049,0904,4,4,2910,千大,千大,チダイ,(有)千大,大物業会,大物業会（マグロ・カジキ類）,,03-6633-4567
イ050,0904,4,4,2910,千大,千大,チダイ,(有)千大,大物業会,大物業会（マグロ・カジキ類）,,03-6633-4567
イ051,0904,4,4,2910,千大,千大,チダイ,(有)千大,大物業会,大物業会（マグロ・カジキ類）,,03-6633-4567
イ052,0904,4,4,2910,千大,千大,チダイ,(有)千大,大物業会,大物業会（マグロ・カジキ類）,,03-6633-4567
イ053,0904,4,4,4389,マル岩,丸岩商店,マルイワ,(有)丸岩商店,大物業会,大物業会（マグロ・カジキ類）,,03-6633-4044
イ054,0904,4,4,4389,マル岩,丸岩商店,マルイワ,(有)丸岩商店,大物業会,大物業会（マグロ・カジキ類）,,03-6633-4044
イ055,0904,4,4,1636,カネカ,カネカ商店,カネカ,(株)カネカ商店,鮮魚業会 / 大物業会,鮮魚業会（鮮魚全般） / 大物業会（マグロ・カジキ類）,,03-6633-0336
イ056,0904,4,4,1636,カネカ,カネカ商店,カネカ,(株)カネカ商店,鮮魚業会 / 大物業会,鮮魚業会（鮮魚全般） / 大物業会（マグロ・カジキ類）,,03-6633-0336
イ057,0904,4,4,1636,カネカ,カネカ商店,カネカ,(株)カネカ商店,鮮魚業会 / 大物業会,鮮魚業会（鮮魚全般） / 大物業会（マグロ・カジキ類）,,03-6633-0336
イ058,0904,4,4,1636,カネカ,カネカ商店,カネカ,(株)カネカ商店,鮮魚業会 / 大物業会,鮮魚業会（鮮魚全般） / 大物業会（マグロ・カジキ類）,,03-6633-0336
イ059,0904,4,4,1636,カネカ,カネカ商店,カネカ,(株)カネカ商店,鮮魚業会 / 大物業会,鮮魚業会（鮮魚全般） / 大物業会（マグロ・カジキ類）,,03-6633-0336
イ060,0904,4,4,1636,カネカ,カネカ商店,カネカ,(株)カネカ商店,鮮魚業会 / 大物業会,鮮魚業会（鮮魚全般） / 大物業会（マグロ・カジキ類）,,03-6633-0336
イ061,0904,4,4,3082,築地髙寿,築地髙寿,ツキジタカトシ,(株)築地髙寿,無所属,無所属,,03-6633-4432
イ062,0904,4,4,3082,築地髙寿,築地髙寿,ツキジタカトシ,(株)築地髙寿,無所属,無所属,,03-6633-4432
イ063,0905,4,5,4373,丸利,丸利,マルトシ,(株)丸利,特種物業会,特種物業会（活魚・貝類・高級鮮魚）,,03-6633-4777
イ064,0905,4,5,4373,丸利,丸利,マルトシ,(株)丸利,特種物業会,特種物業会（活魚・貝類・高級鮮魚）,,03-6633-4777
イ065,0905,4,5,4373,丸利,丸利,マルトシ,(株)丸利,特種物業会,特種物業会（活魚・貝類・高級鮮魚）,,03-6633-4777
イ066,0905,4,5,4373,丸利,丸利,マルトシ,(株)丸利,特種物業会,特種物業会（活魚・貝類・高級鮮魚）,,03-6633-4777
イ067,0905,4,5,4373,丸利,丸利,マルトシ,(株)丸利,特種物業会,特種物業会（活魚・貝類・高級鮮魚）,,03-6633-4777
イ068,0905,4,5,4373,丸利,丸利,マルトシ,(株)丸利,特種物業会,特種物業会（活魚・貝類・高級鮮魚）,,03-6633-4777
イ069,0905,4,5,4373,丸利,丸利,マルトシ,(株)丸利,特種物業会,特種物業会（活魚・貝類・高級鮮魚）,,03-6633-4777
イ070,0905,4,5,4373,丸利,丸利,マルトシ,(株)丸利,特種物業会,特種物業会（活魚・貝類・高級鮮魚）,,03-6633-4777
イ071,0905,4,5,4373,丸利,丸利,マルトシ,(株)丸利,特種物業会,特種物業会（活魚・貝類・高級鮮魚）,,03-6633-4777
イ072,0905,4,5,4373,丸利,丸利,マルトシ,(株)丸利,特種物業会,特種物業会（活魚・貝類・高級鮮魚）,,03-6633-4777
イ073,0905,4,5,4973,ヤマイシ小林,ヤマイシ小林,ヤマイシコバヤシ,(有)ヤマイシ小林,北洋物業会 / 塩干魚業会,北洋物業会（鮭鱒・魚卵・冷凍品） / 塩干魚業会（シラス・乾物・珍味）,,03-6633-0033
イ074,0905,4,5,4998,ヤマサ岩田,岩田,ヤマサイワタ,(株)岩田,特種物業会,特種物業会（活魚・貝類・高級鮮魚）,http://iwata-tsukiji.jp,03-6633-5456、03-6633-5457
イ075,0905,4,5,4998,ヤマサ岩田,岩田,ヤマサイワタ,(株)岩田,特種物業会,特種物業会（活魚・貝類・高級鮮魚）,http://iwata-tsukiji.jp,03-6633-5456、03-6633-5457
イ076,0905,4,5,4998,ヤマサ岩田,岩田,ヤマサイワタ,(株)岩田,特種物業会,特種物業会（活魚・貝類・高級鮮魚）,http://iwata-tsukiji.jp,03-6633-5456、03-6633-5457
イ077,0905,4,5,4998,ヤマサ岩田,岩田,ヤマサイワタ,(株)岩田,特種物業会,特種物業会（活魚・貝類・高級鮮魚）,http://iwata-tsukiji.jp,03-6633-5456、03-6633-5457
イ078,0905,4,5,4998,ヤマサ岩田,岩田,ヤマサイワタ,(株)岩田,特種物業会,特種物業会（活魚・貝類・高級鮮魚）,http://iwata-tsukiji.jp,03-6633-5456、03-6633-5457
イ079,0906,4,6,4975,山源水産,山源水産,ヤマゲンスイサン,(株)山源水産,特種物業会,特種物業会（活魚・貝類・高級鮮魚）,,03-6633-5566
イ080,0906,4,6,4975,山源水産,山源水産,ヤマゲンスイサン,(株)山源水産,特種物業会,特種物業会（活魚・貝類・高級鮮魚）,,03-6633-5566
イ081,0906,4,6,4975,山源水産,山源水産,ヤマゲンスイサン,(株)山源水産,特種物業会,特種物業会（活魚・貝類・高級鮮魚）,,03-6633-5566
イ082,0906,4,6,4975,山源水産,山源水産,ヤマゲンスイサン,(株)山源水産,特種物業会,特種物業会（活魚・貝類・高級鮮魚）,,03-6633-5566
イ083,0906,4,6,4975,山源水産,山源水産,ヤマゲンスイサン,(株)山源水産,特種物業会,特種物業会（活魚・貝類・高級鮮魚）,,03-6633-5566
イ084,0906,4,6,4975,山源水産,山源水産,ヤマゲンスイサン,(株)山源水産,特種物業会,特種物業会（活魚・貝類・高級鮮魚）,,03-6633-5566
イ085,0906,4,6,4975,山源水産,山源水産,ヤマゲンスイサン,(株)山源水産,特種物業会,特種物業会（活魚・貝類・高級鮮魚）,,03-6633-5566
イ086,0906,4,6,4975,山源水産,山源水産,ヤマゲンスイサン,(株)山源水産,特種物業会,特種物業会（活魚・貝類・高級鮮魚）,,03-6633-5566
イ087,0906,4,6,2896,大宗,大宗,ダイソウ,(株)大宗,大物業会 / 特種物業会,大物業会（マグロ・カジキ類） / 特種物業会（活魚・貝類・高級鮮魚）,https://www.tsukijidaiso.com/,03-6204-2169
イ088,0906,4,6,2896,大宗,大宗,ダイソウ,(株)大宗,大物業会 / 特種物業会,大物業会（マグロ・カジキ類） / 特種物業会（活魚・貝類・高級鮮魚）,https://www.tsukijidaiso.com/,03-6204-2169
イ089,0906,4,6,2896,大宗,大宗,ダイソウ,(株)大宗,大物業会 / 特種物業会,大物業会（マグロ・カジキ類） / 特種物業会（活魚・貝類・高級鮮魚）,https://www.tsukijidaiso.com/,03-6204-2169
イ090,0906,4,6,2896,大宗,大宗,ダイソウ,(株)大宗,大物業会 / 特種物業会,大物業会（マグロ・カジキ類） / 特種物業会（活魚・貝類・高級鮮魚）,https://www.tsukijidaiso.com/,03-6204-2169
イ091,0906,4,6,2896,大宗,大宗,ダイソウ,(株)大宗,大物業会 / 特種物業会,大物業会（マグロ・カジキ類） / 特種物業会（活魚・貝類・高級鮮魚）,https://www.tsukijidaiso.com/,03-6204-2169
イ092,0906,4,6,3051,佃文,佃文商店,ツクブン,(有)佃文商店,塩干魚業会,塩干魚業会（シラス・乾物・珍味）,,090-3105-5236
イ093,0906,4,6,5119,米川,米川水産,ヨネカワ,米川水産(株),大物業会 / 鮮魚業会,大物業会（マグロ・カジキ類） / 鮮魚業会（鮮魚全般）,http://www.yonekawa-suisan.co.jp,03-6423-6376
イ094,0906,4,6,5119,米川,米川水産,ヨネカワ,米川水産(株),大物業会 / 鮮魚業会,大物業会（マグロ・カジキ類） / 鮮魚業会（鮮魚全般）,http://www.yonekawa-suisan.co.jp,03-6423-6376
イ095,0907,4,7,2159,幸栄,幸栄,コウエイ,(株)幸栄,大物業会 / 北洋物業会,大物業会（マグロ・カジキ類） / 北洋物業会（鮭鱒・魚卵・冷凍品）,,03-6636-5242
イ096,0907,4,7,2159,幸栄,幸栄,コウエイ,(株)幸栄,大物業会 / 北洋物業会,大物業会（マグロ・カジキ類） / 北洋物業会（鮭鱒・魚卵・冷凍品）,,03-6636-5242
イ097,0907,4,7,2159,幸栄,幸栄,コウエイ,(株)幸栄,大物業会 / 北洋物業会,大物業会（マグロ・カジキ類） / 北洋物業会（鮭鱒・魚卵・冷凍品）,,03-6636-5242
イ098,0907,4,7,2159,幸栄,幸栄,コウエイ,(株)幸栄,大物業会 / 北洋物業会,大物業会（マグロ・カジキ類） / 北洋物業会（鮭鱒・魚卵・冷凍品）,,03-6636-5242
イ099,0907,4,7,2159,幸栄,幸栄,コウエイ,(株)幸栄,大物業会 / 北洋物業会,大物業会（マグロ・カジキ類） / 北洋物業会（鮭鱒・魚卵・冷凍品）,,03-6636-5242
イ100,0907,4,7,2159,幸栄,幸栄,コウエイ,(株)幸栄,大物業会 / 北洋物業会,大物業会（マグロ・カジキ類） / 北洋物業会（鮭鱒・魚卵・冷凍品）,,03-6636-5242
イ101,0907,4,7,2159,幸栄,幸栄,コウエイ,(株)幸栄,大物業会 / 北洋物業会,大物業会（マグロ・カジキ類） / 北洋物業会（鮭鱒・魚卵・冷凍品）,,03-6636-5242
イ102,0907,4,7,2159,幸栄,幸栄,コウエイ,(株)幸栄,大物業会 / 北洋物業会,大物業会（マグロ・カジキ類） / 北洋物業会（鮭鱒・魚卵・冷凍品）,,03-6636-5242
イ103,0907,4,7,2159,幸栄,幸栄,コウエイ,(株)幸栄,大物業会 / 北洋物業会,大物業会（マグロ・カジキ類） / 北洋物業会（鮭鱒・魚卵・冷凍品）,,03-6636-5242
イ104,0907,4,7,2159,幸栄,幸栄,コウエイ,(株)幸栄,大物業会 / 北洋物業会,大物業会（マグロ・カジキ類） / 北洋物業会（鮭鱒・魚卵・冷凍品）,,03-6636-5242
イ105,0907,4,7,2159,幸栄,幸栄,コウエイ,(株)幸栄,大物業会 / 北洋物業会,大物業会（マグロ・カジキ類） / 北洋物業会（鮭鱒・魚卵・冷凍品）,,03-6636-5242
イ106,0907,4,7,2159,幸栄,幸栄,コウエイ,(株)幸栄,大物業会 / 北洋物業会,大物業会（マグロ・カジキ類） / 北洋物業会（鮭鱒・魚卵・冷凍品）,,03-6636-5242
イ107,0907,4,7,2159,幸栄,幸栄,コウエイ,(株)幸栄,大物業会 / 北洋物業会,大物業会（マグロ・カジキ類） / 北洋物業会（鮭鱒・魚卵・冷凍品）,,03-6636-5242
イ108,0907,4,7,2159,幸栄,幸栄,コウエイ,(株)幸栄,大物業会 / 北洋物業会,大物業会（マグロ・カジキ類） / 北洋物業会（鮭鱒・魚卵・冷凍品）,,03-6636-5242
イ109,0907,4,7,2159,幸栄,幸栄,コウエイ,(株)幸栄,大物業会 / 北洋物業会,大物業会（マグロ・カジキ類） / 北洋物業会（鮭鱒・魚卵・冷凍品）,,03-6636-5242
イ110,0907,4,7,2159,幸栄,幸栄,コウエイ,(株)幸栄,大物業会 / 北洋物業会,大物業会（マグロ・カジキ類） / 北洋物業会（鮭鱒・魚卵・冷凍品）,,03-6636-5242
イ111,0908,4,8,1059,旭水産,旭水産,アサヒスイサン,旭水産(株),特種物業会,特種物業会（活魚・貝類・高級鮮魚）,https://asahisuisan.co.jp,03-6633-4114
イ112,0908,4,8,1059,旭水産,旭水産,アサヒスイサン,旭水産(株),特種物業会,特種物業会（活魚・貝類・高級鮮魚）,https://asahisuisan.co.jp,03-6633-4114
イ113,0908,4,8,3117,て良,て良,テリョウ,(株)て良,特種物業会,特種物業会（活魚・貝類・高級鮮魚）,,03-6633-5900
イ114,0908,4,8,3117,て良,て良,テリョウ,(株)て良,特種物業会,特種物業会（活魚・貝類・高級鮮魚）,,03-6633-5900
イ115,0908,4,8,3117,て良,て良,テリョウ,(株)て良,特種物業会,特種物業会（活魚・貝類・高級鮮魚）,,03-6633-5900
イ116,0908,4,8,3117,て良,て良,テリョウ,(株)て良,特種物業会,特種物業会（活魚・貝類・高級鮮魚）,,03-6633-5900
イ117,0908,4,8,3117,て良,て良,テリョウ,(株)て良,特種物業会,特種物業会（活魚・貝類・高級鮮魚）,,03-6633-5900
イ118,0908,4,8,3117,て良,て良,テリョウ,(株)て良,特種物業会,特種物業会（活魚・貝類・高級鮮魚）,,03-6633-5900
イ119,0908,4,8,3117,て良,て良,テリョウ,(株)て良,特種物業会,特種物業会（活魚・貝類・高級鮮魚）,,03-6633-5900
イ120,0908,4,8,3117,て良,て良,テリョウ,(株)て良,特種物業会,特種物業会（活魚・貝類・高級鮮魚）,,03-6633-5900
イ121,0908,4,8,2448,杉原水産,杉原水産,スギハラスイサン,(有)杉原水産,海老協会,海老協会（活・生鮮・冷凍エビ）,,03-6633-5824
イ122,0908,4,8,2448,杉原水産,杉原水産,スギハラスイサン,(有)杉原水産,海老協会,海老協会（活・生鮮・冷凍エビ）,,03-6633-5824
イ123,0908,4,8,2448,杉原水産,杉原水産,スギハラスイサン,(有)杉原水産,海老協会,海老協会（活・生鮮・冷凍エビ）,,03-6633-5824
イ124,0908,4,8,2448,杉原水産,杉原水産,スギハラスイサン,(有)杉原水産,海老協会,海老協会（活・生鮮・冷凍エビ）,,03-6633-5824
イ125,0908,4,8,2448,杉原水産,杉原水産,スギハラスイサン,(有)杉原水産,海老協会,海老協会（活・生鮮・冷凍エビ）,,03-6633-5824
イ126,0908,4,8,2448,杉原水産,杉原水産,スギハラスイサン,(有)杉原水産,海老協会,海老協会（活・生鮮・冷凍エビ）,,03-6633-5824
イ127,0909,4,9,1574,尾坪水産,尾坪水産,オツボスイサン,尾坪水産(株),海老協会 / 特種物業会 / 大物業会,海老協会（活・生鮮・冷凍エビ） / 特種物業会（活魚・貝類・高級鮮魚） / 大物業会（マグロ・カジキ類）,https://www.otubo.co.jp/,03-6633-4100
イ128,0909,4,9,1574,尾坪水産,尾坪水産,オツボスイサン,尾坪水産(株),海老協会 / 特種物業会 / 大物業会,海老協会（活・生鮮・冷凍エビ） / 特種物業会（活魚・貝類・高級鮮魚） / 大物業会（マグロ・カジキ類）,https://www.otubo.co.jp/,03-6633-4100
イ129,0909,4,9,1574,尾坪水産,尾坪水産,オツボスイサン,尾坪水産(株),海老協会 / 特種物業会 / 大物業会,海老協会（活・生鮮・冷凍エビ） / 特種物業会（活魚・貝類・高級鮮魚） / 大物業会（マグロ・カジキ類）,https://www.otubo.co.jp/,03-6633-4100
イ130,0909,4,9,1574,尾坪水産,尾坪水産,オツボスイサン,尾坪水産(株),海老協会 / 特種物業会 / 大物業会,海老協会（活・生鮮・冷凍エビ） / 特種物業会（活魚・貝類・高級鮮魚） / 大物業会（マグロ・カジキ類）,https://www.otubo.co.jp/,03-6633-4100
イ131,0909,4,9,1574,尾坪水産,尾坪水産,オツボスイサン,尾坪水産(株),海老協会 / 特種物業会 / 大物業会,海老協会（活・生鮮・冷凍エビ） / 特種物業会（活魚・貝類・高級鮮魚） / 大物業会（マグロ・カジキ類）,https://www.otubo.co.jp/,03-6633-4100
イ132,0909,4,9,1574,尾坪水産,尾坪水産,オツボスイサン,尾坪水産(株),海老協会 / 特種物業会 / 大物業会,海老協会（活・生鮮・冷凍エビ） / 特種物業会（活魚・貝類・高級鮮魚） / 大物業会（マグロ・カジキ類）,https://www.otubo.co.jp/,03-6633-4100
イ133,0909,4,9,1574,尾坪水産,尾坪水産,オツボスイサン,尾坪水産(株),海老協会 / 特種物業会 / 大物業会,海老協会（活・生鮮・冷凍エビ） / 特種物業会（活魚・貝類・高級鮮魚） / 大物業会（マグロ・カジキ類）,https://www.otubo.co.jp/,03-6633-4100
イ134,0909,4,9,1574,尾坪水産,尾坪水産,オツボスイサン,尾坪水産(株),海老協会 / 特種物業会 / 大物業会,海老協会（活・生鮮・冷凍エビ） / 特種物業会（活魚・貝類・高級鮮魚） / 大物業会（マグロ・カジキ類）,https://www.otubo.co.jp/,03-6633-4100
イ135,0909,4,9,1574,尾坪水産,尾坪水産,オツボスイサン,尾坪水産(株),海老協会 / 特種物業会 / 大物業会,海老協会（活・生鮮・冷凍エビ） / 特種物業会（活魚・貝類・高級鮮魚） / 大物業会（マグロ・カジキ類）,https://www.otubo.co.jp/,03-6633-4100
イ136,0909,4,9,1574,尾坪水産,尾坪水産,オツボスイサン,尾坪水産(株),海老協会 / 特種物業会 / 大物業会,海老協会（活・生鮮・冷凍エビ） / 特種物業会（活魚・貝類・高級鮮魚） / 大物業会（マグロ・カジキ類）,https://www.otubo.co.jp/,03-6633-4100
イ137,0909,4,9,1574,尾坪水産,尾坪水産,オツボスイサン,尾坪水産(株),海老協会 / 特種物業会 / 大物業会,海老協会（活・生鮮・冷凍エビ） / 特種物業会（活魚・貝類・高級鮮魚） / 大物業会（マグロ・カジキ類）,https://www.otubo.co.jp/,03-6633-4100
イ138,0909,4,9,1574,尾坪水産,尾坪水産,オツボスイサン,尾坪水産(株),海老協会 / 特種物業会 / 大物業会,海老協会（活・生鮮・冷凍エビ） / 特種物業会（活魚・貝類・高級鮮魚） / 大物業会（マグロ・カジキ類）,https://www.otubo.co.jp/,03-6633-4100
イ139,0909,4,9,1574,尾坪水産,尾坪水産,オツボスイサン,尾坪水産(株),海老協会 / 特種物業会 / 大物業会,海老協会（活・生鮮・冷凍エビ） / 特種物業会（活魚・貝類・高級鮮魚） / 大物業会（マグロ・カジキ類）,https://www.otubo.co.jp/,03-6633-4100
イ140,0909,4,9,1574,尾坪水産,尾坪水産,オツボスイサン,尾坪水産(株),海老協会 / 特種物業会 / 大物業会,海老協会（活・生鮮・冷凍エビ） / 特種物業会（活魚・貝類・高級鮮魚） / 大物業会（マグロ・カジキ類）,https://www.otubo.co.jp/,03-6633-4100
イ141,0909,4,9,1574,尾坪水産,尾坪水産,オツボスイサン,尾坪水産(株),海老協会 / 特種物業会 / 大物業会,海老協会（活・生鮮・冷凍エビ） / 特種物業会（活魚・貝類・高級鮮魚） / 大物業会（マグロ・カジキ類）,https://www.otubo.co.jp/,03-6633-4100
イ142,0909,4,9,2719,大秋水産,大秋水産,ダイアキスイサン,(株)大秋水産,特種物業会,特種物業会（活魚・貝類・高級鮮魚）,,03-6633-5469
イ143,0909,4,9,5113,吉善,吉善,ヨシゼン,(株)吉善,特種物業会,特種物業会（活魚・貝類・高級鮮魚）,http://www.yoshizen.jp,03-6633-4180
イ144,0909,4,9,5113,吉善,吉善,ヨシゼン,(株)吉善,特種物業会,特種物業会（活魚・貝類・高級鮮魚）,http://www.yoshizen.jp,03-6633-4180
イ145,0909,4,9,5113,吉善,吉善,ヨシゼン,(株)吉善,特種物業会,特種物業会（活魚・貝類・高級鮮魚）,http://www.yoshizen.jp,03-6633-4180
イ146,0909,4,9,5113,吉善,吉善,ヨシゼン,(株)吉善,特種物業会,特種物業会（活魚・貝類・高級鮮魚）,http://www.yoshizen.jp,03-6633-4180
ロ001,1001,3,1,2898,大菱,大菱水産,ダイビシ,大菱水産(株),大物業会,大物業会（マグロ・カジキ類）,,03-6633-5633
ロ002,1001,3,1,2898,大菱,大菱水産,ダイビシ,大菱水産(株),大物業会,大物業会（マグロ・カジキ類）,,03-6633-5633
ロ003,1001,3,1,2898,大菱,大菱水産,ダイビシ,大菱水産(株),大物業会,大物業会（マグロ・カジキ類）,,03-6633-5633
ロ004,1001,3,1,5062,侑圭,侑圭,ユウケイ,(株)侑圭,無所属,無所属,,03-6633-5090
ロ005,1001,3,1,4470,政丸,政丸,マサマル,(有)政丸,無所属,無所属,http://www.masamaru.jp,03-6633-4120
ロ006,1001,3,1,4470,政丸,政丸,マサマル,(有)政丸,無所属,無所属,http://www.masamaru.jp,03-6633-4120
ロ007,1001,3,1,4470,政丸,政丸,マサマル,(有)政丸,無所属,無所属,http://www.masamaru.jp,03-6633-4120
ロ008,1001,3,1,4470,政丸,政丸,マサマル,(有)政丸,無所属,無所属,http://www.masamaru.jp,03-6633-4120
ロ009,1001,3,1,1662,亀吉,亀吉商店,カメキチ,(有)亀吉商店,鮮魚業会,鮮魚業会（鮮魚全般）,http://www.sakana-kamekichi.com,03-6633-5105
ロ010,1001,3,1,1662,亀吉,亀吉商店,カメキチ,(有)亀吉商店,鮮魚業会,鮮魚業会（鮮魚全般）,http://www.sakana-kamekichi.com,03-6633-5105
ロ011,1001,3,1,1662,亀吉,亀吉商店,カメキチ,(有)亀吉商店,鮮魚業会,鮮魚業会（鮮魚全般）,http://www.sakana-kamekichi.com,03-6633-5105
ロ012,1001,3,1,1662,亀吉,亀吉商店,カメキチ,(有)亀吉商店,鮮魚業会,鮮魚業会（鮮魚全般）,http://www.sakana-kamekichi.com,03-6633-5105
ロ013,1001,3,1,1662,亀吉,亀吉商店,カメキチ,(有)亀吉商店,鮮魚業会,鮮魚業会（鮮魚全般）,http://www.sakana-kamekichi.com,03-6633-5105
ロ014,1001,3,1,1662,亀吉,亀吉商店,カメキチ,(有)亀吉商店,鮮魚業会,鮮魚業会（鮮魚全般）,http://www.sakana-kamekichi.com,03-6633-5105
ロ015,1002,3,2,4033,伏仲,伏仲,フシナカ,(株)伏仲,煉・加工品業会,煉・加工品業会（煉製品・おでん・惣菜）,,03-6633-4457
ロ016,1002,3,2,4033,伏仲,伏仲,フシナカ,(株)伏仲,煉・加工品業会,煉・加工品業会（煉製品・おでん・惣菜）,,03-6633-4457
ロ017,1002,3,2,2516,善金,善金,ゼンキン,(有)善金,特種物業会,特種物業会（活魚・貝類・高級鮮魚）,,03-6633-5023
ロ018,1002,3,2,2516,善金,善金,ゼンキン,(有)善金,特種物業会,特種物業会（活魚・貝類・高級鮮魚）,,03-6633-5023
ロ019,1002,3,2,2516,善金,善金,ゼンキン,(有)善金,特種物業会,特種物業会（活魚・貝類・高級鮮魚）,,03-6633-5023
ロ020,1002,3,2,2516,善金,善金,ゼンキン,(有)善金,特種物業会,特種物業会（活魚・貝類・高級鮮魚）,,03-6633-5023
ロ021,1002,3,2,1419,越虎,越虎,エチトラ,(株)越虎,大物業会,大物業会（マグロ・カジキ類）,http://www.echitora.co.jp,03-6633-5788
ロ022,1002,3,2,1419,越虎,越虎,エチトラ,(株)越虎,大物業会,大物業会（マグロ・カジキ類）,http://www.echitora.co.jp,03-6633-5788
ロ023,1002,3,2,1419,越虎,越虎,エチトラ,(株)越虎,大物業会,大物業会（マグロ・カジキ類）,http://www.echitora.co.jp,03-6633-5788
ロ024,1002,3,2,1419,越虎,越虎,エチトラ,(株)越虎,大物業会,大物業会（マグロ・カジキ類）,http://www.echitora.co.jp,03-6633-5788
ロ025,1002,3,2,4434,万成,万成,マンセイ,(有)万成,特種物業会,特種物業会（活魚・貝類・高級鮮魚）,,03-6633-5044
ロ026,1002,3,2,4434,万成,万成,マンセイ,(有)万成,特種物業会,特種物業会（活魚・貝類・高級鮮魚）,,03-6633-5044
ロ027,1002,3,2,4434,万成,万成,マンセイ,(有)万成,特種物業会,特種物業会（活魚・貝類・高級鮮魚）,,03-6633-5044
ロ028,1002,3,2,4434,万成,万成,マンセイ,(有)万成,特種物業会,特種物業会（活魚・貝類・高級鮮魚）,,03-6633-5044
ロ029,1002,3,2,4434,万成,万成,マンセイ,(有)万成,特種物業会,特種物業会（活魚・貝類・高級鮮魚）,,03-6633-5044
ロ030,1002,3,2,4434,万成,万成,マンセイ,(有)万成,特種物業会,特種物業会（活魚・貝類・高級鮮魚）,,03-6633-5044
ロ031,1003,3,3,3915,樋長,樋長,ヒチョウ,(株)樋長,大物業会,大物業会（マグロ・カジキ類）,http://www.hicho.co.jp,03-6633-5160、03-6633-5161
ロ032,1003,3,3,3915,樋長,樋長,ヒチョウ,(株)樋長,大物業会,大物業会（マグロ・カジキ類）,http://www.hicho.co.jp,03-6633-5160、03-6633-5161
ロ033,1003,3,3,3915,樋長,樋長,ヒチョウ,(株)樋長,大物業会,大物業会（マグロ・カジキ類）,http://www.hicho.co.jp,03-6633-5160、03-6633-5161
ロ034,1003,3,3,3915,樋長,樋長,ヒチョウ,(株)樋長,大物業会,大物業会（マグロ・カジキ類）,http://www.hicho.co.jp,03-6633-5160、03-6633-5161
ロ035,1003,3,3,3915,樋長,樋長,ヒチョウ,(株)樋長,大物業会,大物業会（マグロ・カジキ類）,http://www.hicho.co.jp,03-6633-5160、03-6633-5161
ロ036,1003,3,3,3915,樋長,樋長,ヒチョウ,(株)樋長,大物業会,大物業会（マグロ・カジキ類）,http://www.hicho.co.jp,03-6633-5160、03-6633-5161
ロ037,1003,3,3,3915,樋長,樋長,ヒチョウ,(株)樋長,大物業会,大物業会（マグロ・カジキ類）,http://www.hicho.co.jp,03-6633-5160、03-6633-5161
ロ038,1003,3,3,3915,樋長,樋長,ヒチョウ,(株)樋長,大物業会,大物業会（マグロ・カジキ類）,http://www.hicho.co.jp,03-6633-5160、03-6633-5161
ロ039,1003,3,3,2346,シマヅ,島津商店,シマヅ,(有)島津商店,特種物業会,特種物業会（活魚・貝類・高級鮮魚）,,03-6636-5663
ロ040,1003,3,3,2346,シマヅ,島津商店,シマヅ,(有)島津商店,特種物業会,特種物業会（活魚・貝類・高級鮮魚）,,03-6636-5663
ロ041,1003,3,3,1110,飯田,飯田水産,イイダ,飯田水産(株),特種物業会,特種物業会（活魚・貝類・高級鮮魚）,,03-6636-5310
ロ042,1003,3,3,1110,飯田,飯田水産,イイダ,飯田水産(株),特種物業会,特種物業会（活魚・貝類・高級鮮魚）,,03-6636-5310
ロ043,1003,3,3,2858,武田,武田商店,タケダ,(有)武田商店,淡水魚組合 / 特種物業会,淡水魚組合（ウナギ・ドジョウ・鯉） / 特種物業会（活魚・貝類・高級鮮魚）,,03-6633-5735
ロ044,1003,3,3,2858,武田,武田商店,タケダ,(有)武田商店,淡水魚組合 / 特種物業会,淡水魚組合（ウナギ・ドジョウ・鯉） / 特種物業会（活魚・貝類・高級鮮魚）,,03-6633-5735
ロ045,1003,3,3,1842,近長,近長,キンチョウ,(有)近長,塩干魚業会,塩干魚業会（シラス・乾物・珍味）,,03-6633-5408
ロ046,1003,3,3,1842,近長,近長,キンチョウ,(有)近長,塩干魚業会,塩干魚業会（シラス・乾物・珍味）,,03-6633-5408
ロ055,1004,3,4,2611,創和,創和,ソウワ,(有)創和,無所属,無所属,,090-8462-3199
ロ056,1004,3,4,2270,三滝,,サンタキ,,無所属,無所属,,090-2637-5169
ロ057,1004,3,4,3915,樋長,樋長,ヒチョウ,(株)樋長,大物業会,大物業会（マグロ・カジキ類）,http://www.hicho.co.jp,03-6633-5160、03-6633-5161
ロ058,1004,3,4,3915,樋長,樋長,ヒチョウ,(株)樋長,大物業会,大物業会（マグロ・カジキ類）,http://www.hicho.co.jp,03-6633-5160、03-6633-5161
ロ059,1004,3,4,1848,金印,金印,キンジルシ,(株)金印,大物業会,大物業会（マグロ・カジキ類）,,03-6633-5022
ロ060,1004,3,4,1825,京富,京富,キョウトミ,(有)京富,鮮魚業会,鮮魚業会（鮮魚全般）,,03-6633-5417
ロ061,1004,3,4,1239,伊藤食品,伊藤食品,イトウショクヒン,(株)伊藤食品,無所属,無所属,,03-6633-4123
ロ062,1004,3,4,1239,伊藤食品,伊藤食品,イトウショクヒン,(株)伊藤食品,無所属,無所属,,03-6633-4123
ロ063,1005,3,5,2435,鈴千代,鈴千代,スズチヨ,(有)鈴千代,特種物業会,特種物業会（活魚・貝類・高級鮮魚）,,03-6633-4564
ロ064,1005,3,5,2435,鈴千代,鈴千代,スズチヨ,(有)鈴千代,特種物業会,特種物業会（活魚・貝類・高級鮮魚）,,03-6633-4564
ロ065,1005,3,5,2435,鈴千代,鈴千代,スズチヨ,(有)鈴千代,特種物業会,特種物業会（活魚・貝類・高級鮮魚）,,03-6633-4564
ロ066,1005,3,5,2435,鈴千代,鈴千代,スズチヨ,(有)鈴千代,特種物業会,特種物業会（活魚・貝類・高級鮮魚）,,03-6633-4564
ロ067,1005,3,5,2435,鈴千代,鈴千代,スズチヨ,(有)鈴千代,特種物業会,特種物業会（活魚・貝類・高級鮮魚）,,03-6633-4564
ロ068,1005,3,5,2435,鈴千代,鈴千代,スズチヨ,(有)鈴千代,特種物業会,特種物業会（活魚・貝類・高級鮮魚）,,03-6633-4564
ロ069,1005,3,5,3841,華,アイ・フーズ,ハナ,アイ・フーズ(株),無所属,無所属,,
ロ070,1005,3,5,2897,大雅,大雅水産,ダイガ,(株)大雅水産,大物業会,大物業会（マグロ・カジキ類）,http://www.daiga.jp,03-6633-5519
ロ071,1005,3,5,2897,大雅,大雅水産,ダイガ,(株)大雅水産,大物業会,大物業会（マグロ・カジキ類）,http://www.daiga.jp,03-6633-5519
ロ072,1005,3,5,2897,大雅,大雅水産,ダイガ,(株)大雅水産,大物業会,大物業会（マグロ・カジキ類）,http://www.daiga.jp,03-6633-5519
ロ073,1005,3,5,2897,大雅,大雅水産,ダイガ,(株)大雅水産,大物業会,大物業会（マグロ・カジキ類）,http://www.daiga.jp,03-6633-5519
ロ074,1005,3,5,2897,大雅,大雅水産,ダイガ,(株)大雅水産,大物業会,大物業会（マグロ・カジキ類）,http://www.daiga.jp,03-6633-5519
ロ075,1005,3,5,2153,小池商店,小池商店,コイケショウテン,(有)小池商店,淡水魚組合,淡水魚組合（ウナギ・ドジョウ・鯉）,,03-6633-4305
ロ076,1005,3,5,2153,小池商店,小池商店,コイケショウテン,(有)小池商店,淡水魚組合,淡水魚組合（ウナギ・ドジョウ・鯉）,,03-6633-4305
ロ077,1005,3,5,4973,ヤマイシ小林,ヤマイシ小林,ヤマイシコバヤシ,(有)ヤマイシ小林,北洋物業会 / 塩干魚業会,北洋物業会（鮭鱒・魚卵・冷凍品） / 塩干魚業会（シラス・乾物・珍味）,,03-6633-0033
ロ078,1005,3,5,4973,ヤマイシ小林,ヤマイシ小林,ヤマイシコバヤシ,(有)ヤマイシ小林,北洋物業会 / 塩干魚業会,北洋物業会（鮭鱒・魚卵・冷凍品） / 塩干魚業会（シラス・乾物・珍味）,,03-6633-0033
ロ079,1006,3,6,1214,稲良,稲良商店,イナリョウ,(株)稲良商店,大物業会,大物業会（マグロ・カジキ類）,,03-6636-4882
ロ080,1006,3,6,1214,稲良,稲良商店,イナリョウ,(株)稲良商店,大物業会,大物業会（マグロ・カジキ類）,,03-6636-4882
ロ081,1006,3,6,1214,稲良,稲良商店,イナリョウ,(株)稲良商店,大物業会,大物業会（マグロ・カジキ類）,,03-6636-4882
ロ082,1006,3,6,1214,稲良,稲良商店,イナリョウ,(株)稲良商店,大物業会,大物業会（マグロ・カジキ類）,,03-6636-4882
ロ083,1006,3,6,3013,佃井,佃井,ツクイ,(株)佃井,特種物業会,特種物業会（活魚・貝類・高級鮮魚）,,03-6633-5291
ロ084,1006,3,6,3013,佃井,佃井,ツクイ,(株)佃井,特種物業会,特種物業会（活魚・貝類・高級鮮魚）,,03-6633-5291
ロ085,1006,3,6,3013,佃井,佃井,ツクイ,(株)佃井,特種物業会,特種物業会（活魚・貝類・高級鮮魚）,,03-6633-5291
ロ086,1006,3,6,3013,佃井,佃井,ツクイ,(株)佃井,特種物業会,特種物業会（活魚・貝類・高級鮮魚）,,03-6633-5291
ロ087,1006,3,6,4358,丸源,丸源,マルゲン,(株)丸源,佃和会,佃和会（佃煮・惣菜・珍味）,,03-6633-4568
ロ088,1006,3,6,4358,丸源,丸源,マルゲン,(株)丸源,佃和会,佃和会（佃煮・惣菜・珍味）,,03-6633-4568
ロ089,1006,3,6,4358,丸源,丸源,マルゲン,(株)丸源,佃和会,佃和会（佃煮・惣菜・珍味）,,03-6633-4568
ロ090,1006,3,6,4358,丸源,丸源,マルゲン,(株)丸源,佃和会,佃和会（佃煮・惣菜・珍味）,,03-6633-4568
ロ091,1006,3,6,2327,清水友,清水友,シミズトモ,(株)清水友,特種物業会,特種物業会（活魚・貝類・高級鮮魚）,,03-6633-5970
ロ092,1006,3,6,2327,清水友,清水友,シミズトモ,(株)清水友,特種物業会,特種物業会（活魚・貝類・高級鮮魚）,,03-6633-5970
ロ093,1006,3,6,5119,米川,米川水産,ヨネカワ,米川水産(株),大物業会 / 鮮魚業会,大物業会（マグロ・カジキ類） / 鮮魚業会（鮮魚全般）,http://www.yonekawa-suisan.co.jp,03-6423-6376
ロ094,1006,3,6,5119,米川,米川水産,ヨネカワ,米川水産(株),大物業会 / 鮮魚業会,大物業会（マグロ・カジキ類） / 鮮魚業会（鮮魚全般）,http://www.yonekawa-suisan.co.jp,03-6423-6376
ロ103,1007,3,7,4527,水長,水長水産,ミズチョウ,(株)水長水産,特種物業会,特種物業会（活魚・貝類・高級鮮魚）,,03-6633-5320
ロ104,1007,3,7,4527,水長,水長水産,ミズチョウ,(株)水長水産,特種物業会,特種物業会（活魚・貝類・高級鮮魚）,,03-6633-5320
ロ105,1007,3,7,4527,水長,水長水産,ミズチョウ,(株)水長水産,特種物業会,特種物業会（活魚・貝類・高級鮮魚）,,03-6633-5320
ロ106,1007,3,7,4527,水長,水長水産,ミズチョウ,(株)水長水産,特種物業会,特種物業会（活魚・貝類・高級鮮魚）,,03-6633-5320
ロ107,1007,3,7,4527,水長,水長水産,ミズチョウ,(株)水長水産,特種物業会,特種物業会（活魚・貝類・高級鮮魚）,,03-6633-5320
ロ108,1007,3,7,4527,水長,水長水産,ミズチョウ,(株)水長水産,特種物業会,特種物業会（活魚・貝類・高級鮮魚）,,03-6633-5320
ロ109,1007,3,7,4527,水長,水長水産,ミズチョウ,(株)水長水産,特種物業会,特種物業会（活魚・貝類・高級鮮魚）,,03-6633-5320
ロ110,1007,3,7,4527,水長,水長水産,ミズチョウ,(株)水長水産,特種物業会,特種物業会（活魚・貝類・高級鮮魚）,,03-6633-5320
ロ111,1008,3,8,2344,昌栄水産,昌栄水産,ショウエイスイサン,(株)昌栄水産,大物業会,大物業会（マグロ・カジキ類）,,03-6633-5534
ロ112,1008,3,8,2344,昌栄水産,昌栄水産,ショウエイスイサン,(株)昌栄水産,大物業会,大物業会（マグロ・カジキ類）,,03-6633-5534
ロ113,1008,3,8,2344,昌栄水産,昌栄水産,ショウエイスイサン,(株)昌栄水産,大物業会,大物業会（マグロ・カジキ類）,,03-6633-5534
ロ114,1008,3,8,2344,昌栄水産,昌栄水産,ショウエイスイサン,(株)昌栄水産,大物業会,大物業会（マグロ・カジキ類）,,03-6633-5534
ロ115,1008,3,8,2344,昌栄水産,昌栄水産,ショウエイスイサン,(株)昌栄水産,大物業会,大物業会（マグロ・カジキ類）,,03-6633-5534
ロ116,1008,3,8,2344,昌栄水産,昌栄水産,ショウエイスイサン,(株)昌栄水産,大物業会,大物業会（マグロ・カジキ類）,,03-6633-5534
ロ117,1008,3,8,1049,網弁,網弁商店,アミベン,(有)網弁商店,大物業会,大物業会（マグロ・カジキ類）,,03-6633-5855
ロ118,1008,3,8,1049,網弁,網弁商店,アミベン,(有)網弁商店,大物業会,大物業会（マグロ・カジキ類）,,03-6633-5855
ロ119,1008,3,8,4934,山喜之,山喜之,ヤマキノ,(株)山喜之,大物業会,大物業会（マグロ・カジキ類）,,03-6633-4533
ロ120,1008,3,8,4934,山喜之,山喜之,ヤマキノ,(株)山喜之,大物業会,大物業会（マグロ・カジキ類）,,03-6633-4533
ロ121,1008,3,8,2117,小林川魚,小林川魚,コバヤシカワウオ,(株)小林川魚,淡水魚組合 / 特種物業会,淡水魚組合（ウナギ・ドジョウ・鯉） / 特種物業会（活魚・貝類・高級鮮魚）,,03-6633-5884
ロ122,1008,3,8,2117,小林川魚,小林川魚,コバヤシカワウオ,(株)小林川魚,淡水魚組合 / 特種物業会,淡水魚組合（ウナギ・ドジョウ・鯉） / 特種物業会（活魚・貝類・高級鮮魚）,,03-6633-5884
ロ123,1008,3,8,4468,丸隆石川,丸隆石川水産,マルタカイシカワ,(株)丸隆石川水産,特種物業会,特種物業会（活魚・貝類・高級鮮魚）,,03-6633-5586
ロ124,1008,3,8,4468,丸隆石川,丸隆石川水産,マルタカイシカワ,(株)丸隆石川水産,特種物業会,特種物業会（活魚・貝類・高級鮮魚）,,03-6633-5586
ロ125,1008,3,8,4468,丸隆石川,丸隆石川水産,マルタカイシカワ,(株)丸隆石川水産,特種物業会,特種物業会（活魚・貝類・高級鮮魚）,,03-6633-5586
ロ126,1008,3,8,4468,丸隆石川,丸隆石川水産,マルタカイシカワ,(株)丸隆石川水産,特種物業会,特種物業会（活魚・貝類・高級鮮魚）,,03-6633-5586
ロ127,1009,3,9,4130,ホクエイ食品,ホクエイ食品,ホクエイショクヒン,ホクエイ食品(株),大物業会,大物業会（マグロ・カジキ類）,http://www.hokuei-shokuhin.co.jp,03-6636-0347
ロ128,1009,3,9,4130,ホクエイ食品,ホクエイ食品,ホクエイショクヒン,ホクエイ食品(株),大物業会,大物業会（マグロ・カジキ類）,http://www.hokuei-shokuhin.co.jp,03-6636-0347
ロ129,1009,3,9,4130,ホクエイ食品,ホクエイ食品,ホクエイショクヒン,ホクエイ食品(株),大物業会,大物業会（マグロ・カジキ類）,http://www.hokuei-shokuhin.co.jp,03-6636-0347
ロ130,1009,3,9,1052,新井水産,新井水産,アライスイサン,新井水産(株),特種物業会,特種物業会（活魚・貝類・高級鮮魚）,,03-6633-4960
ロ131,1009,3,9,3410,日本丸大,日本丸大,ニホンマルダイ,(株)日本丸大,塩干魚業会,塩干魚業会（シラス・乾物・珍味）,https://www.nihonmarudai.jp/,03-6633-4282
ロ132,1009,3,9,3410,日本丸大,日本丸大,ニホンマルダイ,(株)日本丸大,塩干魚業会,塩干魚業会（シラス・乾物・珍味）,https://www.nihonmarudai.jp/,03-6633-4282
ロ133,1009,3,9,3410,日本丸大,日本丸大,ニホンマルダイ,(株)日本丸大,塩干魚業会,塩干魚業会（シラス・乾物・珍味）,https://www.nihonmarudai.jp/,03-6633-4282
ロ134,1009,3,9,3410,日本丸大,日本丸大,ニホンマルダイ,(株)日本丸大,塩干魚業会,塩干魚業会（シラス・乾物・珍味）,https://www.nihonmarudai.jp/,03-6633-4282
ロ135,1009,3,9,1327,宇田喜,宇田喜,ウダキ,(株)宇田喜,大物業会,大物業会（マグロ・カジキ類）,,03-6633-5218
ロ136,1009,3,9,1327,宇田喜,宇田喜,ウダキ,(株)宇田喜,大物業会,大物業会（マグロ・カジキ類）,,03-6633-5218
ロ137,1009,3,9,1327,宇田喜,宇田喜,ウダキ,(株)宇田喜,大物業会,大物業会（マグロ・カジキ類）,,03-6633-5218
ロ138,1009,3,9,5113,吉善,吉善,ヨシゼン,(株)吉善,特種物業会,特種物業会（活魚・貝類・高級鮮魚）,http://www.yoshizen.jp,03-6633-4180
ロ139,1009,3,9,5113,吉善,吉善,ヨシゼン,(株)吉善,特種物業会,特種物業会（活魚・貝類・高級鮮魚）,http://www.yoshizen.jp,03-6633-4180
ロ140,1009,3,9,5113,吉善,吉善,ヨシゼン,(株)吉善,特種物業会,特種物業会（活魚・貝類・高級鮮魚）,http://www.yoshizen.jp,03-6633-4180
ロ141,1009,3,9,5113,吉善,吉善,ヨシゼン,(株)吉善,特種物業会,特種物業会（活魚・貝類・高級鮮魚）,http://www.yoshizen.jp,03-6633-4180
ロ142,1009,3,9,5113,吉善,吉善,ヨシゼン,(株)吉善,特種物業会,特種物業会（活魚・貝類・高級鮮魚）,http://www.yoshizen.jp,03-6633-4180
ロ143,1009,3,9,5113,吉善,吉善,ヨシゼン,(株)吉善,特種物業会,特種物業会（活魚・貝類・高級鮮魚）,http://www.yoshizen.jp,03-6633-4180
ロ144,1009,3,9,5113,吉善,吉善,ヨシゼン,(株)吉善,特種物業会,特種物業会（活魚・貝類・高級鮮魚）,http://www.yoshizen.jp,03-6633-4180
ロ145,1009,3,9,5113,吉善,吉善,ヨシゼン,(株)吉善,特種物業会,特種物業会（活魚・貝類・高級鮮魚）,http://www.yoshizen.jp,03-6633-4180
ロ146,1009,3,9,5113,吉善,吉善,ヨシゼン,(株)吉善,特種物業会,特種物業会（活魚・貝類・高級鮮魚）,http://www.yoshizen.jp,03-6633-4180
ハ001,1101,2,1,4993,山義,山義,ヤマヨシ,(有)山義,大物業会,大物業会（マグロ・カジキ類）,,03-6633-5641
ハ002,1101,2,1,4993,山義,山義,ヤマヨシ,(有)山義,大物業会,大物業会（マグロ・カジキ類）,,03-6633-5641
ハ003,1101,2,1,4993,山義,山義,ヤマヨシ,(有)山義,大物業会,大物業会（マグロ・カジキ類）,,03-6633-5641
ハ004,1101,2,1,2341,新石,新石商店,シンイシ,(有)新石商店,特種物業会,特種物業会（活魚・貝類・高級鮮魚）,,03-6633-5720
ハ005,1101,2,1,2341,新石,新石商店,シンイシ,(有)新石商店,特種物業会,特種物業会（活魚・貝類・高級鮮魚）,,03-6633-5720
ハ006,1101,2,1,1555,オオハシ,オオハシ商店,オオハシ,(有)オオハシ商店,塩干魚業会 / 鮮魚業会,塩干魚業会（シラス・乾物・珍味） / 鮮魚業会（鮮魚全般）,,03-6633-4084
ハ007,1101,2,1,1555,オオハシ,オオハシ商店,オオハシ,(有)オオハシ商店,塩干魚業会 / 鮮魚業会,塩干魚業会（シラス・乾物・珍味） / 鮮魚業会（鮮魚全般）,,03-6633-4084
ハ008,1101,2,1,1555,オオハシ,オオハシ商店,オオハシ,(有)オオハシ商店,塩干魚業会 / 鮮魚業会,塩干魚業会（シラス・乾物・珍味） / 鮮魚業会（鮮魚全般）,,03-6633-4084
ハ009,1101,2,1,2610,相馬水産,相馬水産,ソウマスイサン,(有)相馬水産,大物業会,大物業会（マグロ・カジキ類）,,03-6633-4427
ハ010,1101,2,1,3079,築地仲代,築地仲代,ツキジナカダイ,(株)築地仲代,北洋物業会,北洋物業会（鮭鱒・魚卵・冷凍品）,,03-6633-4780
ハ011,1101,2,1,4308,丸栄企業,丸榮企業,マルエイキギョウ,(株)丸榮企業,無所属,無所属,,
ハ012,1101,2,1,2610,相馬水産,相馬水産,ソウマスイサン,(有)相馬水産,大物業会,大物業会（マグロ・カジキ類）,,03-6633-4427
ハ013,1101,2,1,2610,相馬水産,相馬水産,ソウマスイサン,(有)相馬水産,大物業会,大物業会（マグロ・カジキ類）,,03-6633-4427
ハ014,1101,2,1,2610,相馬水産,相馬水産,ソウマスイサン,(有)相馬水産,大物業会,大物業会（マグロ・カジキ類）,,03-6633-4427
ハ047,1104,2,4,2703,たけ川,たけ川,タケカワ,(有)たけ川,大物業会,大物業会（マグロ・カジキ類）,,090-7411-9051
ハ048,1104,2,4,2703,たけ川,たけ川,タケカワ,(有)たけ川,大物業会,大物業会（マグロ・カジキ類）,,090-7411-9051
ハ049,1104,2,4,3843,林水産,林水産,ハヤシスイサン,(有)林水産,特種物業会,特種物業会（活魚・貝類・高級鮮魚）,,03-6633-5896
ハ050,1104,2,4,2137,米恭,,コメキョウ,,無所属,無所属,,
ハ051,1104,2,4,1067,阿天坊東京,阿天坊東京,アテンボウトウキョウ,(株)阿天坊東京,煉・加工品業会,煉・加工品業会（煉製品・おでん・惣菜）,,03-6633-4977
ハ052,1104,2,4,1067,阿天坊東京,阿天坊東京,アテンボウトウキョウ,(株)阿天坊東京,煉・加工品業会,煉・加工品業会（煉製品・おでん・惣菜）,,03-6633-4977
ハ053,1104,2,4,4926,山市,山市,ヤマイチ,(有)山市,大物業会,大物業会（マグロ・カジキ類）,,03-6633-5801
ハ054,1104,2,4,1159,伊勢八,伊勢八,イセハチ,(有)伊勢八,無所属,無所属,,03-6633-5130
ハ055,1104,2,4,1171,市原,市原商店,イチハラ,(有)市原商店,大物業会,大物業会（マグロ・カジキ類）,,03-6633-5562
ハ056,1104,2,4,1171,市原,市原商店,イチハラ,(有)市原商店,大物業会,大物業会（マグロ・カジキ類）,,03-6633-5562
ハ057,1104,2,4,1171,市原,市原商店,イチハラ,(有)市原商店,大物業会,大物業会（マグロ・カジキ類）,,03-6633-5562
ハ058,1104,2,4,2010,源六,源六,ゲンロク,(株)源六,特種物業会,特種物業会（活魚・貝類・高級鮮魚）,,03-6633-5668
ハ059,1104,2,4,2010,源六,源六,ゲンロク,(株)源六,特種物業会,特種物業会（活魚・貝類・高級鮮魚）,,03-6633-5668
ハ060,1104,2,4,2010,源六,源六,ゲンロク,(株)源六,特種物業会,特種物業会（活魚・貝類・高級鮮魚）,,03-6633-5668
ハ061,1104,2,4,2010,源六,源六,ゲンロク,(株)源六,特種物業会,特種物業会（活魚・貝類・高級鮮魚）,,03-6633-5668
ハ062,1104,2,4,2010,源六,源六,ゲンロク,(株)源六,特種物業会,特種物業会（活魚・貝類・高級鮮魚）,,03-6633-5668
ハ079,1106,2,6,4413,マル庄,丸庄商店,マルショウ,(有)丸庄商店,海老協会,海老協会（活・生鮮・冷凍エビ）,,03-6633-5331
ハ080,1106,2,6,4413,マル庄,丸庄商店,マルショウ,(有)丸庄商店,海老協会,海老協会（活・生鮮・冷凍エビ）,,03-6633-5331
ハ081,1106,2,6,2863,橘,,タチバナ,,大物業会,大物業会（マグロ・カジキ類）,,090-2534-7847
ハ082,1106,2,6,3319,中茂,中茂,ナカモ,(有)中茂,大物業会,大物業会（マグロ・カジキ類）,,03-6633-4646
ハ083,1106,2,6,1690,亀福,亀福,カメフク,(株)亀福,海老協会,海老協会（活・生鮮・冷凍エビ）,,03-6633-5810
ハ084,1106,2,6,1198,和泉勝,和泉勝,イズカツ,(有)和泉勝,特種物業会,特種物業会（活魚・貝類・高級鮮魚）,,03-6633-4597
ハ085,1106,2,6,4955,山忠,山忠,ヤマチュウ,(有)山忠,合物業会,合物業会（干物・魚漬け・加工品）,http://www.uogashi-yamachu.com,03-6633-5512
ハ086,1106,2,6,2735,大直,大直,ダイナオ,(有)大直,塩干魚業会,塩干魚業会（シラス・乾物・珍味）,,03-6633-4414
ハ087,1106,2,6,3230,虎栄,虎栄,トラエイ,(有)虎栄,煉・加工品業会,煉・加工品業会（煉製品・おでん・惣菜）,,03-6633-5515
ハ088,1106,2,6,3230,虎栄,虎栄,トラエイ,(有)虎栄,煉・加工品業会,煉・加工品業会（煉製品・おでん・惣菜）,,03-6633-5515
ハ089,1106,2,6,2129,越金,越金,コシキン,(株)越金,特種物業会,特種物業会（活魚・貝類・高級鮮魚）,,03-6633-4652
ハ090,1106,2,6,2129,越金,越金,コシキン,(株)越金,特種物業会,特種物業会（活魚・貝類・高級鮮魚）,,03-6633-4652
ハ091,1106,2,6,1813,北繁,北繁商店,キタシゲ,(有)北繁商店,北洋物業会 / 海老協会,北洋物業会（鮭鱒・魚卵・冷凍品） / 海老協会（活・生鮮・冷凍エビ）,,03-6633-4981
ハ092,1106,2,6,1813,北繁,北繁商店,キタシゲ,(有)北繁商店,北洋物業会 / 海老協会,北洋物業会（鮭鱒・魚卵・冷凍品） / 海老協会（活・生鮮・冷凍エビ）,,03-6633-4981
ハ093,1106,2,6,1813,北繁,北繁商店,キタシゲ,(有)北繁商店,北洋物業会 / 海老協会,北洋物業会（鮭鱒・魚卵・冷凍品） / 海老協会（活・生鮮・冷凍エビ）,,03-6633-4981
ハ094,1106,2,6,1813,北繁,北繁商店,キタシゲ,(有)北繁商店,北洋物業会 / 海老協会,北洋物業会（鮭鱒・魚卵・冷凍品） / 海老協会（活・生鮮・冷凍エビ）,,03-6633-4981
ハ127,1109,2,9,1519,尾邦分店,,オクニブンテン,,特種物業会,特種物業会（活魚・貝類・高級鮮魚）,,03-5166-0920
ハ128,1109,2,9,1240,伊勢田水産,伊勢田水産,イセダスイサン,(株)伊勢田水産,鮮魚業会 / 特種物業会,鮮魚業会（鮮魚全般） / 特種物業会（活魚・貝類・高級鮮魚）,,03-6633-5564
ハ129,1109,2,9,1184,泉正,泉正商店,イズショウ,(有)泉正商店,特種物業会,特種物業会（活魚・貝類・高級鮮魚）,,03-6633-5035
ハ130,1109,2,9,1184,泉正,泉正商店,イズショウ,(有)泉正商店,特種物業会,特種物業会（活魚・貝類・高級鮮魚）,,03-6633-5035
ハ131,1109,2,9,1184,泉正,泉正商店,イズショウ,(有)泉正商店,特種物業会,特種物業会（活魚・貝類・高級鮮魚）,,03-6633-5035
ハ132,1109,2,9,4464,マル三海老の浦井,海老の浦井,マルサンエビノウライ,(株)海老の浦井,特種物業会 / 海老協会,特種物業会（活魚・貝類・高級鮮魚） / 海老協会（活・生鮮・冷凍エビ）,,03-6633-5503
ハ133,1109,2,9,4464,マル三海老の浦井,海老の浦井,マルサンエビノウライ,(株)海老の浦井,特種物業会 / 海老協会,特種物業会（活魚・貝類・高級鮮魚） / 海老協会（活・生鮮・冷凍エビ）,,03-6633-5503
ハ134,1109,2,9,4464,マル三海老の浦井,海老の浦井,マルサンエビノウライ,(株)海老の浦井,特種物業会 / 海老協会,特種物業会（活魚・貝類・高級鮮魚） / 海老協会（活・生鮮・冷凍エビ）,,03-6633-5503
ハ135,1109,2,9,4464,マル三海老の浦井,海老の浦井,マルサンエビノウライ,(株)海老の浦井,特種物業会 / 海老協会,特種物業会（活魚・貝類・高級鮮魚） / 海老協会（活・生鮮・冷凍エビ）,,03-6633-5503
ハ136,1109,2,9,4464,マル三海老の浦井,海老の浦井,マルサンエビノウライ,(株)海老の浦井,特種物業会 / 海老協会,特種物業会（活魚・貝類・高級鮮魚） / 海老協会（活・生鮮・冷凍エビ）,,03-6633-5503
ハ137,1109,2,9,1338,梅澤,梅澤,ウメザワ,(株)梅澤,特種物業会,特種物業会（活魚・貝類・高級鮮魚）,,03-6633-4830
ハ138,1109,2,9,1338,梅澤,梅澤,ウメザワ,(株)梅澤,特種物業会,特種物業会（活魚・貝類・高級鮮魚）,,03-6633-4830
ハ139,1109,2,9,1128,石司,石司商店,イシジ,(有)石司商店,大物業会,大物業会（マグロ・カジキ類）,,03-6633-5142
ハ140,1109,2,9,1128,石司,石司商店,イシジ,(有)石司商店,大物業会,大物業会（マグロ・カジキ類）,,03-6633-5142
ハ141,1109,2,9,1128,石司,石司商店,イシジ,(有)石司商店,大物業会,大物業会（マグロ・カジキ類）,,03-6633-5142
ハ142,1109,2,9,1128,石司,石司商店,イシジ,(有)石司商店,大物業会,大物業会（マグロ・カジキ類）,,03-6633-5142
ハ143,1109,2,9,1128,石司,石司商店,イシジ,(有)石司商店,大物業会,大物業会（マグロ・カジキ類）,,03-6633-5142
ハ144,1109,2,9,1128,石司,石司商店,イシジ,(有)石司商店,大物業会,大物業会（マグロ・カジキ類）,,03-6633-5142
ハ145,1109,2,9,1128,石司,石司商店,イシジ,(有)石司商店,大物業会,大物業会（マグロ・カジキ類）,,03-6633-5142
ハ146,1109,2,9,1128,石司,石司商店,イシジ,(有)石司商店,大物業会,大物業会（マグロ・カジキ類）,,03-6633-5142
ニ001,1201,1,1,2341,新石,新石商店,シンイシ,(有)新石商店,特種物業会,特種物業会（活魚・貝類・高級鮮魚）,,03-6633-5720
ニ002,1201,1,1,2341,新石,新石商店,シンイシ,(有)新石商店,特種物業会,特種物業会（活魚・貝類・高級鮮魚）,,03-6633-5720
ニ003,1201,1,1,2341,新石,新石商店,シンイシ,(有)新石商店,特種物業会,特種物業会（活魚・貝類・高級鮮魚）,,03-6633-5720
ニ004,1201,1,1,2341,新石,新石商店,シンイシ,(有)新石商店,特種物業会,特種物業会（活魚・貝類・高級鮮魚）,,03-6633-5720
ニ005,1201,1,1,2341,新石,新石商店,シンイシ,(有)新石商店,特種物業会,特種物業会（活魚・貝類・高級鮮魚）,,03-6633-5720
ニ006,1201,1,1,1669,川正,川正,カワショウ,(株)川正,塩干魚業会,塩干魚業会（シラス・乾物・珍味）,,03-6633-5029
ニ007,1201,1,1,1669,川正,川正,カワショウ,(株)川正,塩干魚業会,塩干魚業会（シラス・乾物・珍味）,,03-6633-5029
ニ008,1201,1,1,1669,川正,川正,カワショウ,(株)川正,塩干魚業会,塩干魚業会（シラス・乾物・珍味）,,03-6633-5029
ニ009,1201,1,1,1669,川正,川正,カワショウ,(株)川正,塩干魚業会,塩干魚業会（シラス・乾物・珍味）,,03-6633-5029
ニ010,1201,1,1,1669,川正,川正,カワショウ,(株)川正,塩干魚業会,塩干魚業会（シラス・乾物・珍味）,,03-6633-5029
ニ011,1201,1,1,2610,相馬水産,相馬水産,ソウマスイサン,(有)相馬水産,大物業会,大物業会（マグロ・カジキ類）,,03-6633-4427
ニ012,1201,1,1,2610,相馬水産,相馬水産,ソウマスイサン,(有)相馬水産,大物業会,大物業会（マグロ・カジキ類）,,03-6633-4427
ニ013,1201,1,1,2610,相馬水産,相馬水産,ソウマスイサン,(有)相馬水産,大物業会,大物業会（マグロ・カジキ類）,,03-6633-4427
ニ014,1201,1,1,2610,相馬水産,相馬水産,ソウマスイサン,(有)相馬水産,大物業会,大物業会（マグロ・カジキ類）,,03-6633-4427
ニ015,1202,1,2,1694,かね義高陽,高陽,カネヨシコウヨウ,(株)高陽,鮮魚業会 / 大物業会,鮮魚業会（鮮魚全般） / 大物業会（マグロ・カジキ類）,,03-6633-4225
ニ017,1202,1,2,1694,かね義高陽,高陽,カネヨシコウヨウ,(株)高陽,鮮魚業会 / 大物業会,鮮魚業会（鮮魚全般） / 大物業会（マグロ・カジキ類）,,03-6633-4225
ニ018,1202,1,2,4944,山治,山治,ヤマハル,(株)山治,特種物業会,特種物業会（活魚・貝類・高級鮮魚）,http://www.yama-haru.jp,03-6636-5180
ニ019,1202,1,2,4944,山治,山治,ヤマハル,(株)山治,特種物業会,特種物業会（活魚・貝類・高級鮮魚）,http://www.yama-haru.jp,03-6636-5180
ニ020,1202,1,2,4944,山治,山治,ヤマハル,(株)山治,特種物業会,特種物業会（活魚・貝類・高級鮮魚）,http://www.yama-haru.jp,03-6636-5180
ニ021,1202,1,2,4944,山治,山治,ヤマハル,(株)山治,特種物業会,特種物業会（活魚・貝類・高級鮮魚）,http://www.yama-haru.jp,03-6636-5180
ニ022,1202,1,2,2348,紫鮮,紫鮮,シセン,紫鮮(株),無所属,無所属,,03-6633-4080
ニ023,1202,1,2,2348,紫鮮,紫鮮,シセン,紫鮮(株),無所属,無所属,,03-6633-4080
ニ024,1202,1,2,2348,紫鮮,紫鮮,シセン,紫鮮(株),無所属,無所属,,03-6633-4080
ニ025,1202,1,2,2348,紫鮮,紫鮮,シセン,紫鮮(株),無所属,無所属,,03-6633-4080
ニ026,1202,1,2,2445,鈴富,鈴富,スズトミ,(株)鈴富,大物業会,大物業会（マグロ・カジキ類）,http://www.suzutomi.co.jp,03-6633-4403
ニ027,1202,1,2,2445,鈴富,鈴富,スズトミ,(株)鈴富,大物業会,大物業会（マグロ・カジキ類）,http://www.suzutomi.co.jp,03-6633-4403
ニ028,1202,1,2,2445,鈴富,鈴富,スズトミ,(株)鈴富,大物業会,大物業会（マグロ・カジキ類）,http://www.suzutomi.co.jp,03-6633-4403
ニ029,1202,1,2,2445,鈴富,鈴富,スズトミ,(株)鈴富,大物業会,大物業会（マグロ・カジキ類）,http://www.suzutomi.co.jp,03-6633-4403
ニ031,1203,1,3,4619,村和,村和,ムラワ,(株)村和,合物業会,合物業会（干物・魚漬け・加工品）,https://www.murawa-himono.com/,03-6633-5155
ニ032,1203,1,3,4619,村和,村和,ムラワ,(株)村和,合物業会,合物業会（干物・魚漬け・加工品）,https://www.murawa-himono.com/,03-6633-5155
ニ033,1203,1,3,4523,水音,水音水産,ミズオト,(有)水音水産,特種物業会 / 大物業会,特種物業会（活魚・貝類・高級鮮魚） / 大物業会（マグロ・カジキ類）,,03-5548-7377
ニ034,1203,1,3,4523,水音,水音水産,ミズオト,(有)水音水産,特種物業会 / 大物業会,特種物業会（活魚・貝類・高級鮮魚） / 大物業会（マグロ・カジキ類）,,03-5548-7377
ニ035,1203,1,3,4523,水音,水音水産,ミズオト,(有)水音水産,特種物業会 / 大物業会,特種物業会（活魚・貝類・高級鮮魚） / 大物業会（マグロ・カジキ類）,,03-5548-7377
ニ036,1203,1,3,4523,水音,水音水産,ミズオト,(有)水音水産,特種物業会 / 大物業会,特種物業会（活魚・貝類・高級鮮魚） / 大物業会（マグロ・カジキ類）,,03-5548-7377
ニ037,1203,1,3,2908,大丑,,ダイウシ,,大物業会,大物業会（マグロ・カジキ類）,,03-6633-4191
ニ038,1203,1,3,4932,山岸,築地山岸,ヤマギシ,(有)築地山岸,鮮魚業会,鮮魚業会（鮮魚全般）,,
ニ039,1203,1,3,3061,佃林,佃林,ツクリン,(株)佃林,海老協会,海老協会（活・生鮮・冷凍エビ）,https://www.tsukurin.jp/,03-6633-5327
ニ040,1203,1,3,3061,佃林,佃林,ツクリン,(株)佃林,海老協会,海老協会（活・生鮮・冷凍エビ）,https://www.tsukurin.jp/,03-6633-5327
ニ041,1203,1,3,3061,佃林,佃林,ツクリン,(株)佃林,海老協会,海老協会（活・生鮮・冷凍エビ）,https://www.tsukurin.jp/,03-6633-5327
ニ042,1203,1,3,3061,佃林,佃林,ツクリン,(株)佃林,海老協会,海老協会（活・生鮮・冷凍エビ）,https://www.tsukurin.jp/,03-6633-5327
ニ043,1203,1,3,4059,藤康,藤康,フジコウ,(有)藤康,大物業会,大物業会（マグロ・カジキ類）,,03-6633-4612
ニ044,1203,1,3,4059,藤康,藤康,フジコウ,(有)藤康,大物業会,大物業会（マグロ・カジキ類）,,03-6633-4612
ニ045,1203,1,3,3061,佃林,佃林,ツクリン,(株)佃林,海老協会,海老協会（活・生鮮・冷凍エビ）,https://www.tsukurin.jp/,03-6633-5327
ニ046,1203,1,3,3061,佃林,佃林,ツクリン,(株)佃林,海老協会,海老協会（活・生鮮・冷凍エビ）,https://www.tsukurin.jp/,03-6633-5327
ニ047,1204,1,4,4549,水米,水米,ミズヨネ,(有)水米,海老協会,海老協会（活・生鮮・冷凍エビ）,https://twitter.com/ebiwassy,03-6633-4026
ニ048,1204,1,4,1125,石金,,イシキン,,淡水魚組合,淡水魚組合（ウナギ・ドジョウ・鯉）,,03-6633-4499
ニ049,1204,1,4,2253,堺良,,サカリョウ,,大物業会,大物業会（マグロ・カジキ類）,,03-6633-5902
ニ050,1204,1,4,1570,長田,,オサダ,,大物業会,大物業会（マグロ・カジキ類）,,03-6633-4343
ニ051,1204,1,4,2312,篠原,篠原商店,シノハラ,(有)篠原商店,塩干魚業会,塩干魚業会（シラス・乾物・珍味）,,03-6633-5025
ニ052,1204,1,4,2312,篠原,篠原商店,シノハラ,(有)篠原商店,塩干魚業会,塩干魚業会（シラス・乾物・珍味）,,03-6633-5025
ニ053,1204,1,4,1067,阿天坊東京,阿天坊東京,アテンボウトウキョウ,(株)阿天坊東京,煉・加工品業会,煉・加工品業会（煉製品・おでん・惣菜）,,03-6633-4977
ニ054,1204,1,4,2435,鈴千代,鈴千代,スズチヨ,(有)鈴千代,特種物業会,特種物業会（活魚・貝類・高級鮮魚）,,03-6633-4564
ニ055,1204,1,4,2111,小古間,小古間商店,ココマ,(株)小古間商店,特種物業会,特種物業会（活魚・貝類・高級鮮魚）,,03-5560-0588
ニ056,1204,1,4,2111,小古間,小古間商店,ココマ,(株)小古間商店,特種物業会,特種物業会（活魚・貝類・高級鮮魚）,,03-5560-0588
ニ057,1204,1,4,4337,松広,松広,マツヒロ,(有)松広,特種物業会,特種物業会（活魚・貝類・高級鮮魚）,,03-6633-5506
ニ058,1204,1,4,4337,松広,松広,マツヒロ,(有)松広,特種物業会,特種物業会（活魚・貝類・高級鮮魚）,,03-6633-5506
ニ059,1204,1,4,4337,松広,松広,マツヒロ,(有)松広,特種物業会,特種物業会（活魚・貝類・高級鮮魚）,,03-6633-5506
ニ060,1204,1,4,1537,尾道,尾道商店,オミチ,(有)尾道商店,特種物業会,特種物業会（活魚・貝類・高級鮮魚）,,03-6633-5980
ニ061,1204,1,4,5130,ヨシ富本店,ヨシとみ,ヨシトミホンテン,(株)ヨシとみ,大物業会,大物業会（マグロ・カジキ類）,,03-6633-5572
ニ062,1204,1,4,5130,ヨシ富本店,ヨシとみ,ヨシトミホンテン,(株)ヨシとみ,大物業会,大物業会（マグロ・カジキ類）,,03-6633-5572
ニ079,1206,1,6,2612,総食,総食,ソウショク,(株)総食,鮮魚業会,鮮魚業会（鮮魚全般）,,
ニ080,1206,1,6,2612,総食,総食,ソウショク,(株)総食,鮮魚業会,鮮魚業会（鮮魚全般）,,
ニ081,1206,1,6,2612,総食,総食,ソウショク,(株)総食,鮮魚業会,鮮魚業会（鮮魚全般）,,
ニ082,1206,1,6,2612,総食,総食,ソウショク,(株)総食,鮮魚業会,鮮魚業会（鮮魚全般）,,
ニ083,1206,1,6,2612,総食,総食,ソウショク,(株)総食,鮮魚業会,鮮魚業会（鮮魚全般）,,
ニ084,1206,1,6,2612,総食,総食,ソウショク,(株)総食,鮮魚業会,鮮魚業会（鮮魚全般）,,
ニ085,1206,1,6,4365,丸七,マツノ商店,マルシチ,(有)マツノ商店,鮮魚業会,鮮魚業会（鮮魚全般）,,03-6633-5487
ニ086,1206,1,6,4365,丸七,マツノ商店,マルシチ,(有)マツノ商店,鮮魚業会,鮮魚業会（鮮魚全般）,,03-6633-5487
ニ087,1206,1,6,2864,立岡,立岡水産,タチオカ,(株)立岡水産,大物業会,大物業会（マグロ・カジキ類）,,03-6633-4213
ニ088,1206,1,6,1843,共穂,共穂,キョウスイ,(株)共穂,特種物業会,特種物業会（活魚・貝類・高級鮮魚）,,03-6633-5553
ニ089,1206,1,6,1843,共穂,共穂,キョウスイ,(株)共穂,特種物業会,特種物業会（活魚・貝類・高級鮮魚）,,03-6633-5553
ニ090,1206,1,6,1843,共穂,共穂,キョウスイ,(株)共穂,特種物業会,特種物業会（活魚・貝類・高級鮮魚）,,03-6633-5553
ニ091,1206,1,6,1843,共穂,共穂,キョウスイ,(株)共穂,特種物業会,特種物業会（活魚・貝類・高級鮮魚）,,03-6633-5553
ニ092,1206,1,6,1843,共穂,共穂,キョウスイ,(株)共穂,特種物業会,特種物業会（活魚・貝類・高級鮮魚）,,03-6633-5553
ニ093,1206,1,6,1843,共穂,共穂,キョウスイ,(株)共穂,特種物業会,特種物業会（活魚・貝類・高級鮮魚）,,03-6633-5553
ニ094,1206,1,6,1843,共穂,共穂,キョウスイ,(株)共穂,特種物業会,特種物業会（活魚・貝類・高級鮮魚）,,03-6633-5553
ニ095,1207,1,7,3714,希海,希海,ノゾミ,(株)希海,特種物業会,特種物業会（活魚・貝類・高級鮮魚）,,03-6636-5256
ニ096,1207,1,7,3714,希海,希海,ノゾミ,(株)希海,特種物業会,特種物業会（活魚・貝類・高級鮮魚）,,03-6636-5256
ニ097,1207,1,7,3714,希海,希海,ノゾミ,(株)希海,特種物業会,特種物業会（活魚・貝類・高級鮮魚）,,03-6636-5256
ニ098,1207,1,7,3714,希海,希海,ノゾミ,(株)希海,特種物業会,特種物業会（活魚・貝類・高級鮮魚）,,03-6636-5256
ニ099,1207,1,7,3714,希海,希海,ノゾミ,(株)希海,特種物業会,特種物業会（活魚・貝類・高級鮮魚）,,03-6636-5256
ニ100,1207,1,7,3714,希海,希海,ノゾミ,(株)希海,特種物業会,特種物業会（活魚・貝類・高級鮮魚）,,03-6636-5256
ニ101,1207,1,7,3714,希海,希海,ノゾミ,(株)希海,特種物業会,特種物業会（活魚・貝類・高級鮮魚）,,03-6636-5256
ニ102,1207,1,7,3714,希海,希海,ノゾミ,(株)希海,特種物業会,特種物業会（活魚・貝類・高級鮮魚）,,03-6636-5256
ニ103,1207,1,7,4989,やま幸,やま幸,ヤマユキ,(株)やま幸,大物業会,大物業会（マグロ・カジキ類）,,03-6636-5527
ニ104,1207,1,7,4989,やま幸,やま幸,ヤマユキ,(株)やま幸,大物業会,大物業会（マグロ・カジキ類）,,03-6636-5527
ニ105,1207,1,7,4989,やま幸,やま幸,ヤマユキ,(株)やま幸,大物業会,大物業会（マグロ・カジキ類）,,03-6636-5527
ニ106,1207,1,7,4989,やま幸,やま幸,ヤマユキ,(株)やま幸,大物業会,大物業会（マグロ・カジキ類）,,03-6636-5527
ニ107,1207,1,7,4989,やま幸,やま幸,ヤマユキ,(株)やま幸,大物業会,大物業会（マグロ・カジキ類）,,03-6636-5527
ニ108,1207,1,7,4989,やま幸,やま幸,ヤマユキ,(株)やま幸,大物業会,大物業会（マグロ・カジキ類）,,03-6636-5527
ニ109,1207,1,7,4989,やま幸,やま幸,ヤマユキ,(株)やま幸,大物業会,大物業会（マグロ・カジキ類）,,03-6636-5527
ニ110,1207,1,7,4989,やま幸,やま幸,ヤマユキ,(株)やま幸,大物業会,大物業会（マグロ・カジキ類）,,03-6636-5527
ニ111,1208,1,8,4989,やま幸,やま幸,ヤマユキ,(株)やま幸,大物業会,大物業会（マグロ・カジキ類）,,03-6636-5527
ニ113,1208,1,8,4989,やま幸,やま幸,ヤマユキ,(株)やま幸,大物業会,大物業会（マグロ・カジキ類）,,03-6636-5527
ニ114,1208,1,8,4989,やま幸,やま幸,ヤマユキ,(株)やま幸,大物業会,大物業会（マグロ・カジキ類）,,03-6636-5527
ニ115,1208,1,8,4989,やま幸,やま幸,ヤマユキ,(株)やま幸,大物業会,大物業会（マグロ・カジキ類）,,03-6636-5527
ニ116,1208,1,8,4989,やま幸,やま幸,ヤマユキ,(株)やま幸,大物業会,大物業会（マグロ・カジキ類）,,03-6636-5527
ニ117,1208,1,8,4989,やま幸,やま幸,ヤマユキ,(株)やま幸,大物業会,大物業会（マグロ・カジキ類）,,03-6636-5527
ニ118,1208,1,8,3255,東京鈴木屋,東京鈴木屋,トウキョウスズキヤ,東京鈴木屋(株),鮮魚業会,鮮魚業会（鮮魚全般）,https://tokyosuzukiya.net/,03-6633-4137
ニ119,1208,1,8,3255,東京鈴木屋,東京鈴木屋,トウキョウスズキヤ,東京鈴木屋(株),鮮魚業会,鮮魚業会（鮮魚全般）,https://tokyosuzukiya.net/,03-6633-4137
ニ120,1208,1,8,3255,東京鈴木屋,東京鈴木屋,トウキョウスズキヤ,東京鈴木屋(株),鮮魚業会,鮮魚業会（鮮魚全般）,https://tokyosuzukiya.net/,03-6633-4137
ニ121,1208,1,8,3255,東京鈴木屋,東京鈴木屋,トウキョウスズキヤ,東京鈴木屋(株),鮮魚業会,鮮魚業会（鮮魚全般）,https://tokyosuzukiya.net/,03-6633-4137
ニ122,1208,1,8,2904,大志,大志水産,ダイシ,(有)大志水産,大物業会,大物業会（マグロ・カジキ類）,,03-6633-5630
ニ123,1208,1,8,2904,大志,大志水産,ダイシ,(有)大志水産,大物業会,大物業会（マグロ・カジキ類）,,03-6633-5630
ニ124,1208,1,8,1541,大内,大内商店,オオウチ,(株)大内商店,無所属,無所属,,03-6633-4422
ニ125,1208,1,8,1541,大内,大内商店,オオウチ,(株)大内商店,無所属,無所属,,03-6633-4422
ニ129,1209,1,9,4959,山二,山二,ヤマニ,(株)山二,大物業会,大物業会（マグロ・カジキ類）,http://www.maguro-yamani.com,03-6633-5333
ニ130,1209,1,9,4959,山二,山二,ヤマニ,(株)山二,大物業会,大物業会（マグロ・カジキ類）,http://www.maguro-yamani.com,03-6633-5333
ニ131,1209,1,9,4947,ヤマジョウ,山ジョウ商店,ヤマジョウ,(有)山ジョウ商店,大物業会,大物業会（マグロ・カジキ類）,,03-6633-4951
ニ132,1209,1,9,4947,ヤマジョウ,山ジョウ商店,ヤマジョウ,(有)山ジョウ商店,大物業会,大物業会（マグロ・カジキ類）,,03-6633-4951
ニ133,1209,1,9,2752,大峰,大峰,ダイミネ,(株)大峰,海老協会,海老協会（活・生鮮・冷凍エビ）,,03-6633-5780
ニ134,1209,1,9,2752,大峰,大峰,ダイミネ,(株)大峰,海老協会,海老協会（活・生鮮・冷凍エビ）,,03-6633-5780
ニ135,1209,1,9,3820,浜長,濱長,ハマチョウ,(株)濱長,特種物業会,特種物業会（活魚・貝類・高級鮮魚）,https://www.hamacho.co.jp/,03-6633-0068
ニ136,1209,1,9,3820,浜長,濱長,ハマチョウ,(株)濱長,特種物業会,特種物業会（活魚・貝類・高級鮮魚）,https://www.hamacho.co.jp/,03-6633-0068
ニ137,1209,1,9,3820,浜長,濱長,ハマチョウ,(株)濱長,特種物業会,特種物業会（活魚・貝類・高級鮮魚）,https://www.hamacho.co.jp/,03-6633-0068
ニ138,1209,1,9,3820,浜長,濱長,ハマチョウ,(株)濱長,特種物業会,特種物業会（活魚・貝類・高級鮮魚）,https://www.hamacho.co.jp/,03-6633-0068
ニ139,1209,1,9,3820,浜長,濱長,ハマチョウ,(株)濱長,特種物業会,特種物業会（活魚・貝類・高級鮮魚）,https://www.hamacho.co.jp/,03-6633-0068
ニ140,1209,1,9,3820,浜長,濱長,ハマチョウ,(株)濱長,特種物業会,特種物業会（活魚・貝類・高級鮮魚）,https://www.hamacho.co.jp/,03-6633-0068
ニ141,1209,1,9,3820,浜長,濱長,ハマチョウ,(株)濱長,特種物業会,特種物業会（活魚・貝類・高級鮮魚）,https://www.hamacho.co.jp/,03-6633-0068
ニ142,1209,1,9,3820,浜長,濱長,ハマチョウ,(株)濱長,特種物業会,特種物業会（活魚・貝類・高級鮮魚）,https://www.hamacho.co.jp/,03-6633-0068
ニ143,1209,1,9,3820,浜長,濱長,ハマチョウ,(株)濱長,特種物業会,特種物業会（活魚・貝類・高級鮮魚）,https://www.hamacho.co.jp/,03-6633-0068
ニ144,1209,1,9,3820,浜長,濱長,ハマチョウ,(株)濱長,特種物業会,特種物業会（活魚・貝類・高級鮮魚）,https://www.hamacho.co.jp/,03-6633-0068
ニ145,1209,1,9,3820,浜長,濱長,ハマチョウ,(株)濱長,特種物業会,特種物業会（活魚・貝類・高級鮮魚）,https://www.hamacho.co.jp/,03-6633-0068
ニ146,1209,1,9,3820,浜長,濱長,ハマチョウ,(株)濱長,特種物業会,特種物業会（活魚・貝類・高級鮮魚）,https://www.hamacho.co.jp/,03-6633-0068
